Symbol,Series,Date,Prev Close,Open Price,High Price,Low Price,Last Price,Close Price,Average Price,Total Traded Quantity,Turnover,No. of Trades,Deliverable Qty,% Dly Qt to Traded Qty,Month,Year,VWAP,Day_Perc_Change,Trend
JINDALSTEL,EQ,2017-05-15,112.1,112.9,114.85,112.3,114.7,114.2,113.84,5730419,652322564.2,22627,1197305,20.89,5,2017,114.20000000000002,0.0,Slight or No change
JINDALSTEL,EQ,2017-05-16,114.2,115.15,115.75,113.5,113.75,114.1,114.53,5083003,582139920.45,18359,1081322,21.27,5,2017,114.15299357594662,-0.0008756567425569628,Slight or No change
JINDALSTEL,EQ,2017-05-17,114.1,114.5,118.2,114.2,116.35,116.4,116.62,14511700,1692387134.85,49346,4838996,33.35,5,2017,115.4405641994538,0.020157756354075573,Slight or No change
JINDALSTEL,EQ,2017-05-18,116.4,114.7,115.8,112.6,112.95,113.3,113.83,6952070,791375394.45,23427,1894268,27.25,5,2017,114.97951566232899,-0.02663230240549841,Slight or No change
JINDALSTEL,EQ,2017-05-19,113.3,113.8,115.5,109.3,112.7,112.15,112.6,7976703,898192980.5,30938,1806216,22.64,5,2017,114.41881945958274,-0.01015004413062659,Slight or No change
JINDALSTEL,EQ,2017-05-22,112.15,113.45,115.8,111.95,114.45,113.75,114.08,7699472,878360429.45,28263,1833565,23.81,5,2017,114.31143269981439,0.014266607222469752,Slight or No change
JINDALSTEL,EQ,2017-05-23,113.75,114.85,116.4,102.7,107.9,108.15,108.85,39016051,4246776833.6,130143,5521903,14.15,5,2017,111.5473027564701,-0.04923076923076919,Slight or No change
JINDALSTEL,EQ,2017-05-24,108.15,109.9,113.9,108.9,110.8,111.1,111.54,18762989,2092734445.75,62087,4301240,22.92,5,2017,111.46792561054626,0.027276930189551463,Slight or No change
JINDALSTEL,EQ,2017-05-25,111.1,112.0,119.5,111.3,118.3,118.5,114.97,15373769,1767578343.0,49672,4319815,28.1,5,2017,112.36060912863768,0.06660666066606669,Slight or No change
JINDALSTEL,EQ,2017-05-26,118.5,119.0,125.75,119.0,124.9,125.0,122.99,18661412,2295108131.9,77863,5187820,27.8,5,2017,114.04818837254314,0.05485232067510548,Slight or No change
JINDALSTEL,EQ,2017-05-29,125.0,127.0,129.4,119.2,120.85,120.45,124.14,13503169,1676268057.1,50212,2301166,17.04,5,2017,114.61218861631903,-0.03639999999999999,Slight or No change
JINDALSTEL,EQ,2017-05-30,120.45,120.0,124.45,117.1,123.2,123.5,121.22,11227909,1361032689.65,41227,1790333,15.95,5,2017,115.21882902168946,0.025321710253217056,Slight or No change
JINDALSTEL,EQ,2017-05-31,123.5,123.0,124.3,121.2,121.4,121.75,122.13,5671848,692710148.85,22699,1243076,21.92,5,2017,115.43651543621712,-0.014170040485829927,Slight or No change
JINDALSTEL,EQ,2017-06-01,121.75,121.75,121.9,118.4,120.8,120.3,119.85,5848472,700946491.9,21483,503627,8.61,6,2017,115.59811137504224,-0.011909650924024628,Slight or No change
JINDALSTEL,EQ,2017-06-02,120.3,121.2,123.45,120.6,121.95,121.85,122.08,6266169,764964056.25,24158,819893,13.08,6,2017,115.81302405234261,0.012884455527847116,Slight or No change
JINDALSTEL,EQ,2017-06-05,121.85,121.9,123.7,121.05,121.4,121.8,122.28,4337415,530365416.85,17213,730390,16.84,6,2017,115.9521712052299,-0.0004103405826836326,Slight or No change
JINDALSTEL,EQ,2017-06-06,121.8,121.9,122.4,117.5,117.65,118.2,119.53,5601738,669550866.65,19990,1155665,20.63,6,2017,116.01767669778788,-0.029556650246305383,Slight or No change
JINDALSTEL,EQ,2017-06-07,118.2,118.3,119.75,117.7,119.35,119.1,118.83,3348433,397910541.9,12896,599854,17.91,6,2017,116.07044966097806,0.0076142131979695105,Slight or No change
JINDALSTEL,EQ,2017-06-08,119.1,120.25,125.45,120.25,121.7,121.85,123.36,14349883,1770238935.35,55345,1810823,12.62,6,2017,116.46552795019367,0.023089840470193135,Slight or No change
JINDALSTEL,EQ,2017-06-09,121.85,122.85,123.6,121.2,122.95,123.2,122.47,5958974,729813326.75,25344,910831,15.29,6,2017,116.65141940282469,0.01107919573245808,Slight or No change
JINDALSTEL,EQ,2017-06-12,123.2,123.75,124.8,121.15,121.95,122.1,122.89,7078435,869844724.45,24636,1419559,20.05,6,2017,116.82439849275586,-0.008928571428571508,Slight or No change
JINDALSTEL,EQ,2017-06-13,122.1,122.6,123.9,121.5,123.0,122.95,122.82,4559238,559984256.85,16618,834539,18.3,6,2017,116.94714886480976,0.006961506961506991,Slight or No change
JINDALSTEL,EQ,2017-06-14,122.95,122.4,122.9,120.0,122.9,122.4,121.6,5171829,628902088.75,21495,558643,10.8,6,2017,117.068344792087,-0.004473363155754306,Slight or No change
JINDALSTEL,EQ,2017-06-15,122.4,121.8,127.35,121.3,125.85,125.6,124.65,10640828,1326400882.95,47349,2218675,20.85,6,2017,117.44143136715702,0.02614379084967311,Slight or No change
JINDALSTEL,EQ,2017-06-16,125.6,126.4,127.15,123.9,124.0,124.5,125.44,8227650,1032077670.5,32214,2488956,30.25,6,2017,117.67229290967404,-0.00875796178343946,Slight or No change
JINDALSTEL,EQ,2017-06-19,124.5,125.05,128.75,123.5,127.15,127.1,126.77,10354191,1312564157.55,40575,2019851,19.51,6,2017,118.04499679720921,0.02088353413654609,Slight or No change
JINDALSTEL,EQ,2017-06-20,127.1,127.5,127.8,125.4,126.35,126.2,126.5,5015100,634393726.8,18934,665936,13.28,6,2017,118.19821423193454,-0.007081038552320895,Slight or No change
JINDALSTEL,EQ,2017-06-21,126.2,125.75,126.2,123.9,124.65,124.65,124.96,5041417,629983022.95,17132,684789,13.58,6,2017,118.31780870282275,-0.01228209191759111,Slight or No change
JINDALSTEL,EQ,2017-06-22,124.65,125.4,126.55,120.35,121.8,121.7,124.41,5594348,695971907.25,19431,946999,16.93,6,2017,118.38597716811425,-0.023666265543521914,Slight or No change
JINDALSTEL,EQ,2017-06-23,121.7,122.5,122.8,116.75,118.75,118.45,119.05,7614299,906464599.95,26645,1553603,20.4,6,2017,118.38768658254988,-0.026705012325390354,Slight or No change
JINDALSTEL,EQ,2017-06-27,118.45,119.0,119.4,115.55,117.0,116.95,117.07,4143163,485051485.2,14631,627994,15.16,6,2017,118.3670985599385,-0.012663571127057849,Slight or No change
JINDALSTEL,EQ,2017-06-28,116.95,115.8,119.8,115.8,119.8,119.35,117.88,4730328,557600230.15,17831,832136,17.59,6,2017,118.38291018338958,0.02052159042325763,Slight or No change
JINDALSTEL,EQ,2017-06-29,119.35,119.9,123.6,119.8,123.2,122.75,121.66,6122296,744818319.4,25568,1137993,18.59,6,2017,118.47198036396932,0.028487641390867235,Slight or No change
JINDALSTEL,EQ,2017-06-30,122.75,123.0,124.25,121.05,123.1,123.2,122.66,6666973,817771608.35,24169,594014,8.91,6,2017,118.57470949099472,0.0036659877800406804,Slight or No change
JINDALSTEL,EQ,2017-07-03,123.2,123.45,129.1,122.8,128.75,128.7,127.13,10285845,1307595976.75,34617,2692849,26.18,7,2017,118.90311732783039,0.044642857142856984,Slight or No change
JINDALSTEL,EQ,2017-07-04,128.7,129.0,130.25,125.65,125.95,126.05,127.72,8060732,1029480439.2,32853,1516964,18.82,7,2017,119.08027348987707,-0.020590520590520578,Slight or No change
JINDALSTEL,EQ,2017-07-05,126.05,126.2,131.65,125.05,131.25,130.55,128.62,8975070,1154373765.8,35463,2702011,30.11,7,2017,119.38833121490822,0.03570011900039671,Slight or No change
JINDALSTEL,EQ,2017-07-06,130.55,131.9,132.85,130.25,130.9,131.45,131.59,7693411,1012343116.95,27923,1997490,25.96,7,2017,119.65977641831033,0.00689391037916498,Slight or No change
JINDALSTEL,EQ,2017-07-07,131.45,131.0,136.4,130.1,131.85,132.15,133.53,13693420,1828519050.8,50596,2683252,19.6,7,2017,120.14081648339295,0.0053252187143402185,Slight or No change
JINDALSTEL,EQ,2017-07-10,132.15,136.0,136.0,132.0,134.2,134.45,134.18,1971807,264572458.2,11769,579411,29.38,7,2017,120.21973456384264,0.017404464623533844,Slight or No change
JINDALSTEL,EQ,2017-07-11,134.45,134.95,139.8,131.2,138.9,138.85,136.68,17619564,2408223080.25,68792,2926905,16.61,7,2017,121.09475670199167,0.03272592041651179,Slight or No change
JINDALSTEL,EQ,2017-07-12,138.85,139.05,140.9,137.7,139.8,140.15,139.48,11195043,1561515214.35,48964,2272905,20.3,7,2017,121.64692876226046,0.00936262153402967,Slight or No change
JINDALSTEL,EQ,2017-07-13,140.15,141.95,142.05,137.1,138.2,138.45,139.54,8616248,1202278449.35,41192,1897926,22.03,7,2017,122.0135027347683,-0.012129860863360764,Slight or No change
JINDALSTEL,EQ,2017-07-14,138.45,138.5,139.0,136.2,137.2,137.3,137.44,4112013,565154149.8,20553,995043,24.2,7,2017,122.17101667293937,-0.008306247742867257,Slight or No change
JINDALSTEL,EQ,2017-07-17,137.3,138.0,142.0,136.8,141.4,141.6,140.23,7051772,988878338.8,32182,1764112,25.02,7,2017,122.50837977147239,0.031318281136198056,Slight or No change
JINDALSTEL,EQ,2017-07-18,141.6,140.85,142.9,138.9,139.9,140.3,141.04,7430269,1047945304.05,35864,873733,11.76,7,2017,122.82804491319983,-0.009180790960451879,Slight or No change
JINDALSTEL,EQ,2017-07-19,140.3,140.5,143.9,140.4,143.0,143.3,142.81,6706307,957708274.5,26027,1220489,18.2,7,2017,123.15473181924223,0.021382751247327247,Slight or No change
JINDALSTEL,EQ,2017-07-20,143.3,143.0,144.1,140.05,140.8,141.1,141.83,4477457,635041365.95,18392,701035,15.66,7,2017,123.34390857501351,-0.01535240753663658,Slight or No change
JINDALSTEL,EQ,2017-07-21,141.1,141.0,141.5,133.15,136.75,136.65,137.24,6711060,921054117.45,23539,1176029,17.52,7,2017,123.55088433939103,-0.031537916371367714,Slight or No change
JINDALSTEL,EQ,2017-07-24,136.65,137.0,139.5,136.1,138.65,138.45,137.91,3235654,446222507.9,14630,731313,22.6,7,2017,123.66179046670621,0.013172338090010838,Slight or No change
JINDALSTEL,EQ,2017-07-25,138.45,138.5,140.9,137.55,140.8,139.95,139.04,4173516,580278414.65,20836,1323945,31.72,7,2017,123.8166929769704,0.010834236186348933,Slight or No change
JINDALSTEL,EQ,2017-07-26,139.95,140.65,152.45,140.55,151.15,151.7,148.05,24374014,3608685556.3,110632,3949419,16.2,7,2017,125.28385962341247,0.08395855662736684,Slight or No change
JINDALSTEL,EQ,2017-07-27,151.7,152.0,153.5,149.0,152.55,152.85,151.68,12002213,1820494854.5,49704,2086084,17.38,7,2017,125.98006293929676,0.007580751483190484,Slight or No change
JINDALSTEL,EQ,2017-07-28,152.85,150.8,152.7,147.3,149.8,149.85,150.23,7471971,1122507969.9,30289,858920,11.5,7,2017,126.3495591435549,-0.01962708537782143,Slight or No change
JINDALSTEL,EQ,2017-07-31,149.85,150.0,158.25,149.05,152.95,153.4,155.16,13711466,2127448815.6,57570,2249534,16.41,7,2017,127.09672538291865,0.023690357023690378,Slight or No change
JINDALSTEL,EQ,2017-08-01,153.4,154.5,157.0,153.5,155.25,155.05,154.9,6201163,960559140.9,26634,1869409,30.15,8,2017,127.44160953409383,0.010756192959582744,Slight or No change
JINDALSTEL,EQ,2017-08-02,155.05,155.1,159.4,153.6,157.8,158.4,156.34,13676016,2138095939.9,57894,5154618,37.69,8,2017,128.2616705653067,0.021605933569816216,Slight or No change
JINDALSTEL,EQ,2017-08-03,158.4,157.0,157.0,139.85,141.95,142.1,147.87,28593865,4228049877.25,121189,7657139,26.78,8,2017,128.9878674705964,-0.10290404040404044,Slight or No change
JINDALSTEL,EQ,2017-08-04,142.1,141.5,144.75,135.4,138.35,138.35,139.26,19765790,2752568662.35,82370,5183638,26.23,8,2017,129.31559403483917,-0.0263898662913441,Slight or No change
JINDALSTEL,EQ,2017-08-07,138.35,139.9,145.5,139.75,143.6,143.55,143.59,14571995,2092325113.35,50063,3973941,27.27,8,2017,129.67370307238718,0.037585833032165006,Slight or No change
JINDALSTEL,EQ,2017-08-08,143.55,145.4,148.4,138.0,139.75,139.5,143.18,21958214,3144024978.95,85983,5852361,26.65,8,2017,130.03261187915405,-0.028213166144200663,Slight or No change
JINDALSTEL,EQ,2017-08-09,139.5,142.0,143.9,134.25,134.95,135.95,140.13,15924281,2231539743.3,66677,3387528,21.27,8,2017,130.18530976576895,-0.02544802867383522,Slight or No change
JINDALSTEL,EQ,2017-08-10,135.95,135.0,135.0,116.3,127.0,123.3,128.5,16399537,2107381290.05,68548,4669291,28.47,8,2017,130.0070688160398,-0.09304891504229496,Slight or No change
JINDALSTEL,EQ,2017-08-11,123.3,121.0,129.9,114.5,129.45,127.65,124.7,16525936,2060789366.6,70334,3432862,20.77,8,2017,129.94714400075185,0.035279805352798066,Slight or No change
JINDALSTEL,EQ,2017-08-14,127.65,131.0,138.3,130.0,135.25,136.65,135.27,12010871,1624718692.3,52525,2391514,19.91,8,2017,130.06874897333148,0.07050528789659216,Slight or No change
JINDALSTEL,EQ,2017-08-16,136.65,136.7,139.8,130.35,138.25,138.4,135.92,13003612,1767427437.0,51152,2218060,17.06,8,2017,130.22923733392366,0.01280643980973295,Slight or No change
JINDALSTEL,EQ,2017-08-17,138.4,138.95,142.7,137.65,139.45,139.85,140.37,11091385,1556949024.05,40587,2289006,20.64,8,2017,130.38475754657026,0.010476878612716733,Slight or No change
JINDALSTEL,EQ,2017-08-18,139.85,138.0,139.25,134.8,136.0,136.3,136.81,8894022,1216833024.05,32975,1542571,17.34,8,2017,130.46045284898992,-0.025384340364676294,Slight or No change
JINDALSTEL,EQ,2017-08-21,136.3,138.45,139.45,130.7,131.3,131.7,135.79,6302704,855861417.15,28254,1207425,19.16,8,2017,130.47159239741904,-0.03374908290535594,Slight or No change
JINDALSTEL,EQ,2017-08-22,131.7,133.5,134.35,128.1,129.6,129.0,131.43,7656731,1006334107.0,30915,1161736,15.17,8,2017,130.4556998741134,-0.020501138952163878,Slight or No change
JINDALSTEL,EQ,2017-08-23,129.0,132.9,133.75,129.2,133.1,133.1,131.16,6241441,818625643.9,25414,517676,8.29,8,2017,130.4787753699411,0.03178294573643403,Slight or No change
JINDALSTEL,EQ,2017-08-24,133.1,133.8,136.4,132.7,135.5,135.15,134.84,6541270,882056516.95,26946,879661,13.45,8,2017,130.52110986412615,0.015401953418482384,Slight or No change
JINDALSTEL,EQ,2017-08-28,135.15,135.5,137.1,133.05,135.7,135.85,135.26,4814276,651160401.1,34757,856689,17.79,8,2017,130.55641859663965,0.005179430262671092,Slight or No change
JINDALSTEL,EQ,2017-08-29,135.85,133.8,135.5,130.6,131.6,131.4,133.36,6335762,844946504.85,26823,1188531,18.76,8,2017,130.56371098224528,-0.03275671696724325,Slight or No change
JINDALSTEL,EQ,2017-08-30,131.4,133.0,137.8,132.65,137.15,137.15,136.05,6543595,890245541.7,30224,1281317,19.58,8,2017,130.6219938270178,0.04375951293759517,Slight or No change
JINDALSTEL,EQ,2017-08-31,137.15,136.5,137.85,134.7,137.0,137.1,136.44,8489641,1158361974.0,31562,2916266,34.35,8,2017,130.6955224743959,-0.00036456434560705464,Slight or No change
JINDALSTEL,EQ,2017-09-01,137.1,138.0,143.8,137.15,142.1,142.7,140.67,10266789,1444248637.6,39766,2174632,21.18,9,2017,130.85807098099718,0.04084609773887671,Slight or No change
JINDALSTEL,EQ,2017-09-04,142.7,142.95,145.9,137.7,139.25,139.75,141.36,10238023,1447297021.8,39454,1301786,12.72,9,2017,130.976536580039,-0.02067274001401531,Slight or No change
JINDALSTEL,EQ,2017-09-05,139.75,140.5,142.8,139.2,140.05,140.3,140.87,4816191,678469514.85,22594,616525,12.8,9,2017,131.03460603620331,0.003935599284436542,Slight or No change
JINDALSTEL,EQ,2017-09-06,140.3,139.7,143.3,138.3,141.5,141.5,141.41,6265572,885993528.8,28820,1150569,18.36,9,2017,131.11872198203056,0.008553100498930766,Slight or No change
JINDALSTEL,EQ,2017-09-07,141.5,142.4,143.4,140.55,141.65,141.75,141.76,5173830,733444576.8,18997,1308370,25.29,9,2017,131.18881693541135,0.0017667844522968323,Slight or No change
JINDALSTEL,EQ,2017-09-08,141.75,143.0,145.2,140.45,141.55,141.95,143.1,6994363,1000906708.8,27976,913330,13.06,9,2017,131.2838869306669,0.0014109347442678999,Slight or No change
JINDALSTEL,EQ,2017-09-11,141.95,143.25,144.0,141.05,143.5,143.15,142.66,4889456,697520701.45,20293,945766,19.34,9,2017,131.3567203040977,0.008453680873547142,Slight or No change
JINDALSTEL,EQ,2017-09-12,143.15,144.45,147.4,144.15,145.7,145.8,145.95,6501466,948897136.4,35369,1657469,25.49,9,2017,131.4736455758366,0.018512050296891402,Slight or No change
JINDALSTEL,EQ,2017-09-13,145.8,146.1,146.9,141.15,142.0,141.95,143.98,5348477,770070026.75,24629,1413282,26.42,9,2017,131.54295445227055,-0.02640603566529509,Slight or No change
JINDALSTEL,EQ,2017-09-14,141.95,142.8,148.15,142.5,147.3,147.55,145.9,9447513,1378436803.7,48144,2148762,22.74,9,2017,131.7278521401344,0.0394505107432197,Slight or No change
JINDALSTEL,EQ,2017-09-15,147.55,145.4,150.65,143.65,149.2,149.15,147.64,10821850,1597706947.6,52782,2899058,26.79,9,2017,131.95536051382425,0.01084378176889178,Slight or No change
JINDALSTEL,EQ,2017-09-18,149.15,150.1,152.35,148.45,150.75,150.7,150.78,7326408,1104673474.6,34781,2067058,28.21,9,2017,132.11962352904771,0.010392222594703293,Slight or No change
JINDALSTEL,EQ,2017-09-19,150.7,151.0,153.25,150.0,151.0,151.9,152.07,6055756,920879043.55,33654,2052328,33.89,9,2017,132.26186954350104,0.007962840079628553,Slight or No change
JINDALSTEL,EQ,2017-09-20,151.9,152.0,154.7,151.25,152.5,152.85,153.17,5884373,901282884.1,28617,1707368,29.02,9,2017,132.40473594427107,0.006254114549045342,Slight or No change
JINDALSTEL,EQ,2017-09-21,152.85,152.9,154.45,148.75,151.85,151.85,151.41,6363388,963483200.8,26407,1566005,24.61,9,2017,132.5495692371663,-0.006542361792607143,Slight or No change
JINDALSTEL,EQ,2017-09-22,151.85,150.75,150.75,138.65,139.9,139.65,143.55,12635253,1813735955.45,50389,4166997,32.98,9,2017,132.65304982306657,-0.08034244320052675,Slight or No change
JINDALSTEL,EQ,2017-09-25,139.65,139.6,139.85,131.9,133.65,134.15,134.83,7144044,963218315.6,25883,1540044,21.56,9,2017,132.66528408359815,-0.03938417472252054,Slight or No change
JINDALSTEL,EQ,2017-09-26,134.15,134.6,139.2,132.2,138.1,138.2,136.89,4962085,679281464.8,24255,546546,11.01,9,2017,132.69652526399452,0.030190085724934645,Slight or No change
JINDALSTEL,EQ,2017-09-27,138.2,139.25,140.5,132.5,132.9,133.3,135.95,4368723,593924843.65,17754,1045104,23.92,9,2017,132.69950946844438,-0.03545586107091159,Slight or No change
JINDALSTEL,EQ,2017-09-28,133.3,135.95,137.35,133.35,134.0,134.8,135.22,6681620,903487531.6,21140,2348487,35.15,9,2017,132.7152763295314,0.011252813203300738,Slight or No change
JINDALSTEL,EQ,2017-09-29,134.8,135.5,136.5,133.65,135.15,134.65,135.32,4193895,567527997.0,26480,740859,17.67,9,2017,132.72434905689084,-0.001112759643916994,Slight or No change
JINDALSTEL,EQ,2017-10-03,134.65,135.8,146.9,135.8,143.7,144.2,142.28,13646630,1941681006.6,63008,2715364,19.9,10,2017,132.89682449226044,0.07092461938358685,Slight or No change
JINDALSTEL,EQ,2017-10-04,144.2,143.5,146.25,142.55,145.95,145.0,144.46,8132667,1174862173.0,45313,3374010,41.49,10,2017,133.00426899785893,0.00554785020804438,Slight or No change
JINDALSTEL,EQ,2017-10-05,145.0,145.25,148.95,144.8,148.0,147.85,147.54,5944525,877071963.2,34829,1737585,29.23,10,2017,133.09997995494956,0.019655172413793,Slight or No change
JINDALSTEL,EQ,2017-10-06,147.85,148.1,153.75,148.1,152.3,152.75,151.78,10321226,1566516281.1,49735,2599095,25.18,10,2017,133.31750178006095,0.03314169766655395,Slight or No change
JINDALSTEL,EQ,2017-10-09,152.75,153.0,161.5,152.6,159.0,158.05,158.68,16929333,2686289476.3,64593,3569640,21.09,10,2017,133.7585657264095,0.03469721767594125,Slight or No change
JINDALSTEL,EQ,2017-10-10,158.05,159.45,160.35,154.15,156.7,156.5,157.04,8025061,1260241256.0,32199,2381478,29.68,10,2017,133.9492013216797,-0.009807023093957645,Slight or No change
JINDALSTEL,EQ,2017-10-11,156.5,157.1,160.2,150.5,151.7,151.5,155.25,7882936,1223839811.8,38483,2281914,28.95,10,2017,134.09253928370637,-0.03194888178913735,Slight or No change
JINDALSTEL,EQ,2017-10-12,151.5,153.25,162.5,150.5,162.3,161.7,158.21,15204707,2405537227.95,75597,2131570,14.02,10,2017,134.52068626137296,0.06732673267326716,Slight or No change
JINDALSTEL,EQ,2017-10-13,161.7,161.95,165.5,159.8,162.15,162.65,162.69,10970776,1784835246.25,47266,1248399,11.38,10,2017,134.83196691611812,0.00587507730364889,Slight or No change
JINDALSTEL,EQ,2017-10-16,162.65,163.95,169.7,161.2,164.3,164.6,166.27,13091610,2176776337.25,55165,2967629,22.67,10,2017,135.21993981235275,0.011988933292345516,Slight or No change
JINDALSTEL,EQ,2017-10-17,164.6,164.4,165.3,160.6,161.95,161.75,162.67,7240254,1177780315.35,27759,1586173,21.91,10,2017,135.40979876415628,-0.017314702308626972,Slight or No change
JINDALSTEL,EQ,2017-10-18,161.75,162.85,164.0,160.25,161.5,161.2,161.81,5969402,965922952.2,22430,1415329,23.71,10,2017,135.56107464349873,-0.0034003091190109025,Slight or No change
JINDALSTEL,EQ,2017-10-19,161.2,161.7,161.75,157.8,159.25,159.95,160.48,1357181,217795818.05,5095,556086,40.97,10,2017,135.59355612127743,-0.007754342431761763,Slight or No change
JINDALSTEL,EQ,2017-10-23,159.95,160.1,161.85,151.7,157.55,157.8,156.81,9747030,1528464903.1,47333,1671918,17.15,10,2017,135.80394483915023,-0.013441700531415912,Slight or No change
JINDALSTEL,EQ,2017-10-24,157.8,157.6,163.8,156.55,162.7,161.9,161.49,6915565,1116809205.8,31260,1420072,20.53,10,2017,135.97819135210574,0.025982256020278705,Slight or No change
JINDALSTEL,EQ,2017-10-25,161.9,164.0,166.4,159.4,165.5,165.4,163.54,6224569,1017978013.6,39547,2016644,32.4,10,2017,136.15395859579746,0.021618282890673246,Slight or No change
JINDALSTEL,EQ,2017-10-26,165.4,164.9,169.5,162.75,168.5,168.15,166.62,10581514,1763074214.25,44779,4841092,45.75,10,2017,136.4756319297041,0.01662636033857323,Slight or No change
JINDALSTEL,EQ,2017-10-27,168.15,167.5,170.45,165.15,166.25,166.45,167.66,7456249,1250142722.65,37138,2927861,39.27,10,2017,136.6864829230427,-0.010110020814748877,Slight or No change
JINDALSTEL,EQ,2017-10-30,166.45,167.0,168.85,163.75,166.0,165.55,165.85,4758023,789128438.55,23667,1817512,38.2,10,2017,136.81546693876857,-0.00540702913787916,Slight or No change
JINDALSTEL,EQ,2017-10-31,165.55,166.3,166.85,160.35,163.45,163.1,163.83,6138854,1005734247.9,31692,1947991,31.73,10,2017,136.9661452985884,-0.014799154334038112,Slight or No change
JINDALSTEL,EQ,2017-11-01,163.1,164.7,166.0,161.2,164.1,164.2,164.07,4344837,712871533.8,22770,1318455,30.35,11,2017,137.07619463310783,0.006744328632740659,Slight or No change
JINDALSTEL,EQ,2017-11-02,164.2,161.0,164.6,159.2,163.3,163.1,161.96,7120347,1153184830.45,29302,1919149,26.95,11,2017,137.2473971910359,-0.006699147381242332,Slight or No change
JINDALSTEL,EQ,2017-11-03,163.1,163.2,166.15,162.1,165.25,165.3,164.61,4265476,702123678.05,19069,584143,13.69,11,2017,137.35751834791856,0.013488657265481319,Slight or No change
JINDALSTEL,EQ,2017-11-06,165.3,162.05,164.5,161.35,162.3,162.5,162.94,5023388,818514414.05,16849,1971860,39.25,11,2017,137.4732179420053,-0.016938898971566863,Slight or No change
JINDALSTEL,EQ,2017-11-07,162.5,164.55,164.8,158.1,160.5,160.35,160.54,4809043,772048987.85,19687,1477912,30.73,11,2017,137.57355734773486,-0.013230769230769268,Slight or No change
JINDALSTEL,EQ,2017-11-08,160.35,161.0,162.85,156.3,158.65,157.85,159.58,3514675,560864079.45,16836,640196,18.21,11,2017,137.6383468938504,-0.015590894917368203,Slight or No change
JINDALSTEL,EQ,2017-11-09,157.85,159.1,165.9,159.1,165.8,164.3,161.7,5195970,840195492.95,21539,1021611,19.66,11,2017,137.76369997269356,0.04086157744694341,Slight or No change
JINDALSTEL,EQ,2017-11-10,164.3,167.0,167.8,160.2,165.9,165.5,164.08,7467694,1225279316.55,32404,1021719,13.68,11,2017,137.94986220838823,0.0073037127206330155,Slight or No change
JINDALSTEL,EQ,2017-11-13,165.5,165.0,176.55,162.55,171.0,171.7,171.4,18259282,3129724085.5,86734,2614090,14.32,11,2017,138.49479927738426,0.03746223564954665,Slight or No change
JINDALSTEL,EQ,2017-11-14,171.7,171.0,173.65,169.55,169.8,170.4,171.23,6257618,1071504492.1,35583,1112093,17.77,11,2017,138.6703736442659,-0.007571345369830951,Slight or No change
JINDALSTEL,EQ,2017-11-15,170.4,168.0,169.5,159.1,161.4,161.1,162.67,8033865,1306878821.35,31595,2217912,27.61,11,2017,138.8277283109352,-0.05457746478873249,Slight or No change
JINDALSTEL,EQ,2017-11-16,161.1,161.5,167.2,159.0,165.65,165.85,163.0,6537874,1065689381.35,41806,1786799,27.33,11,2017,138.9811260895316,0.029484792054624398,Slight or No change
JINDALSTEL,EQ,2017-11-17,165.85,166.2,168.85,163.3,164.5,164.75,165.63,5811570,962584138.15,18459,1528946,26.31,11,2017,139.1105050351388,-0.006632499246306822,Slight or No change
JINDALSTEL,EQ,2017-11-20,164.75,164.0,174.95,163.1,173.95,173.95,170.01,13140327,2234008524.0,47893,3395176,25.84,11,2017,139.50157123808472,0.0558421851289832,Slight or No change
JINDALSTEL,EQ,2017-11-21,173.95,174.1,175.8,171.05,172.7,172.7,173.33,4878698,845608681.35,21278,471695,9.67,11,2017,139.63935167644047,-0.0071859729807416395,Slight or No change
JINDALSTEL,EQ,2017-11-22,172.7,173.6,176.8,169.65,173.45,173.55,173.43,6480815,1123984438.75,34598,1119142,17.27,11,2017,139.82527937016755,0.004921829762594143,Slight or No change
JINDALSTEL,EQ,2017-11-23,173.55,173.8,177.3,168.25,171.6,171.75,172.89,6943411,1200463997.8,39687,1540388,22.18,11,2017,140.01171746657812,-0.01037165082108904,Slight or No change
JINDALSTEL,EQ,2017-11-24,171.75,171.7,173.9,168.7,172.5,172.85,172.11,3802315,654403319.9,19801,740306,19.47,11,2017,140.11640055763942,0.006404657933042124,Slight or No change
JINDALSTEL,EQ,2017-11-27,172.85,173.25,173.9,171.6,173.2,172.75,172.74,2480639,428499183.15,13067,326769,13.17,11,2017,140.1841294961079,-0.0005785363031529656,Slight or No change
JINDALSTEL,EQ,2017-11-28,172.75,173.0,178.65,171.65,172.5,172.8,175.56,6531371,1146663164.3,32960,976225,14.95,11,2017,140.36139013536285,0.0002894356005789245,Slight or No change
JINDALSTEL,EQ,2017-11-29,172.8,173.0,174.3,170.65,172.55,171.95,172.59,3049728,526344582.2,14842,742809,24.36,11,2017,140.44134960264915,-0.004918981481481621,Slight or No change
JINDALSTEL,EQ,2017-11-30,171.95,172.1,177.3,171.0,171.8,171.95,173.41,11448845,1985308720.95,46458,4337480,37.89,11,2017,140.737943581269,0.0,Slight or No change
JINDALSTEL,EQ,2017-12-01,171.95,173.45,177.1,165.2,165.35,168.15,173.54,8851477,1536124640.6,33169,1867811,21.1,12,2017,140.93599549811603,-0.022099447513812098,Slight or No change
JINDALSTEL,EQ,2017-12-04,168.15,167.7,170.6,166.05,170.0,169.25,168.83,4965176,838281400.5,21534,775595,15.62,12,2017,141.05028361471292,0.006541778174249169,Slight or No change
JINDALSTEL,EQ,2017-12-05,169.25,167.0,168.9,162.4,165.15,164.9,165.08,4601289,759559344.15,22692,564701,12.27,12,2017,141.13916408793787,-0.025701624815361868,Slight or No change
JINDALSTEL,EQ,2017-12-06,164.9,162.75,163.0,157.75,158.25,158.45,160.01,6322982,1011758911.75,27371,1077971,17.05,12,2017,141.2273634027522,-0.039114614918132284,Slight or No change
JINDALSTEL,EQ,2017-12-07,158.45,158.2,163.9,158.1,163.85,163.35,161.68,4492710,726384111.25,22395,625921,13.93,12,2017,141.3071630735988,0.030924581887030733,Slight or No change
JINDALSTEL,EQ,2017-12-08,163.35,164.2,167.3,164.0,164.7,165.2,165.98,5689726,944408443.35,24120,1147617,20.17,12,2017,141.41581450802119,0.011325374961738577,Slight or No change
JINDALSTEL,EQ,2017-12-11,165.2,166.7,166.7,162.6,165.15,165.4,164.75,3388584,558268631.2,16368,987264,29.14,12,2017,141.48059511587564,0.001210653753026758,Slight or No change
JINDALSTEL,EQ,2017-12-12,165.4,165.4,167.65,163.1,164.0,163.65,165.66,3494882,578953605.75,26170,530723,15.19,12,2017,141.5421808621687,-0.010580411124546552,Slight or No change
JINDALSTEL,EQ,2017-12-13,163.65,163.5,165.1,160.2,160.8,161.1,162.69,3291012,535428623.0,16443,383590,11.66,12,2017,141.5932089101551,-0.015582034830430858,Slight or No change
JINDALSTEL,EQ,2017-12-14,161.1,161.5,162.5,158.45,162.25,161.8,160.57,3836624,616046965.5,18876,732744,19.1,12,2017,141.6544843856956,0.004345127250155345,Slight or No change
JINDALSTEL,EQ,2017-12-15,161.8,163.6,166.25,162.8,165.5,164.95,165.02,3067107,506125324.05,19669,612009,19.95,12,2017,141.71082087895317,0.01946847960444975,Slight or No change
JINDALSTEL,EQ,2017-12-18,164.95,162.7,177.0,160.75,177.0,175.95,171.74,11851043,2035255957.95,54497,2312681,19.51,12,2017,142.02779890311535,0.06668687481054869,Slight or No change
JINDALSTEL,EQ,2017-12-19,175.95,177.0,180.8,174.65,179.8,179.95,178.2,7335037,1307092063.25,33488,1003663,13.68,12,2017,142.24385359126833,0.02273373117362887,Slight or No change
JINDALSTEL,EQ,2017-12-20,179.95,179.0,188.2,177.75,184.6,185.1,184.14,12726348,2343431194.4,62825,1946665,15.3,12,2017,142.66333516451078,0.028619060850236133,Slight or No change
JINDALSTEL,EQ,2017-12-21,185.1,185.1,186.7,182.7,185.15,185.35,184.74,5487855,1013835899.1,28922,886767,16.16,12,2017,142.8427513420492,0.0013506212857914424,Slight or No change
JINDALSTEL,EQ,2017-12-22,185.35,185.0,189.05,182.5,184.2,184.6,185.61,5422006,1006387518.2,24423,992717,18.31,12,2017,143.01543803505058,-0.004046398705152443,Slight or No change
JINDALSTEL,EQ,2017-12-26,184.6,184.6,194.9,184.6,192.65,192.65,191.69,11771413,2256445158.15,56953,2201691,18.7,12,2017,143.45710808932972,0.04360780065005421,Slight or No change
JINDALSTEL,EQ,2017-12-27,192.65,195.0,197.45,190.5,195.1,194.65,194.48,9372356,1822777078.75,48765,1676932,17.89,12,2017,143.81725319599593,0.010381520892810858,Slight or No change
JINDALSTEL,EQ,2017-12-28,194.65,195.5,203.7,194.9,203.5,202.45,200.37,12794543,2563578768.75,54265,2425321,18.96,12,2017,144.37499489202764,0.04007192396609294,Slight or No change
JINDALSTEL,EQ,2017-12-29,202.45,203.7,206.75,201.1,205.0,205.05,203.88,6035925,1230632155.05,25625,596745,9.89,12,2017,144.64606222372205,0.012842677204248032,Slight or No change
JINDALSTEL,EQ,2018-01-01,205.05,204.5,209.6,203.6,205.5,206.2,206.82,6556125,1355959753.15,27382,1165462,17.78,1,2018,144.94331385619634,0.005608388198000469,Slight or No change
JINDALSTEL,EQ,2018-01-02,206.2,207.0,207.8,199.75,203.5,203.4,203.69,6309495,1285153343.2,29202,1055464,16.73,1,2018,145.21373228385713,-0.013579049466537207,Slight or No change
JINDALSTEL,EQ,2018-01-03,203.4,204.55,222.45,204.55,220.8,219.55,216.13,21696089,4689168592.65,94081,3242214,14.94,1,2018,146.37768605975293,0.07940019665683384,Slight or No change
JINDALSTEL,EQ,2018-01-04,219.55,220.95,252.0,217.1,242.75,244.55,236.52,44549944,10536816358.55,206361,8533758,19.16,1,2018,149.43574806299813,0.11386927806877711,Slight or No change
JINDALSTEL,EQ,2018-01-05,244.55,243.0,249.3,236.7,241.25,239.05,242.72,22890636,5555927950.1,113211,3460830,15.12,1,2018,150.8474694731271,-0.02249028828460442,Slight or No change
JINDALSTEL,EQ,2018-01-08,239.05,246.0,270.6,246.0,256.45,256.45,259.9,38180155,9922850923.55,187916,6731973,17.63,1,2018,153.55119181514553,0.07278811964024245,Slight or No change
JINDALSTEL,EQ,2018-01-09,256.45,258.05,259.0,247.1,250.2,248.75,251.77,14644189,3686992745.05,79767,2778302,18.97,1,2018,154.47696139954172,-0.03002534607135887,Slight or No change
JINDALSTEL,EQ,2018-01-10,248.75,253.0,269.0,248.1,267.5,262.4,256.97,23437832,6022784427.4,95905,3957452,16.88,1,2018,156.13094172972077,0.054874371859296334,Slight or No change
JINDALSTEL,EQ,2018-01-11,262.4,262.0,274.3,255.6,265.85,267.35,265.45,31832706,8450068028.6,157742,3545042,11.14,1,2018,158.39874068868224,0.018864329268292845,Slight or No change
JINDALSTEL,EQ,2018-01-12,267.35,266.8,271.8,261.15,263.75,264.85,266.58,17089451,4555784860.6,81841,1739775,10.18,1,2018,159.5514040044093,-0.009351037965214193,Slight or No change
JINDALSTEL,EQ,2018-01-15,264.85,267.05,275.85,263.95,269.95,267.3,270.54,18728962,5066991453.9,102645,3733039,19.93,1,2018,160.8150502051337,0.009250519161789539,Slight or No change
JINDALSTEL,EQ,2018-01-16,267.3,268.25,273.7,257.6,270.5,270.7,265.51,18387871,4882132762.5,94133,4100848,22.3,1,2018,162.06587900045713,0.012719790497568217,Slight or No change
JINDALSTEL,EQ,2018-01-17,270.7,268.0,273.4,262.0,269.05,269.7,269.49,15100692,4069552172.15,82045,2208607,14.63,1,2018,163.06273870379016,-0.003694126339120807,Slight or No change
JINDALSTEL,EQ,2018-01-18,269.7,271.05,273.1,261.0,263.0,264.35,267.38,12623614,3375246744.15,75673,2095944,16.6,1,2018,163.84091188927806,-0.019836855765665407,Slight or No change
JINDALSTEL,EQ,2018-01-19,264.35,263.05,265.4,250.25,263.7,264.15,259.25,16084560,4169922855.2,80547,1700656,10.57,1,2018,164.81333769557966,-0.000756572725553406,Slight or No change
JINDALSTEL,EQ,2018-01-22,264.15,263.7,266.7,261.2,264.0,263.75,263.77,6732312,1775753316.6,32379,913163,13.56,1,2018,165.21316261825504,-0.0015142911224682587,Slight or No change
JINDALSTEL,EQ,2018-01-23,263.75,264.0,294.3,263.8,291.9,290.75,286.77,36250757,10395532391.2,184272,3980244,10.98,1,2018,167.88670823881446,0.10236966824644544,Slight or No change
JINDALSTEL,EQ,2018-01-24,290.75,289.9,289.9,273.2,274.85,276.5,282.62,11937496,3373789425.1,69710,2407594,20.17,1,2018,168.64312372733693,-0.04901117798796217,Slight or No change
JINDALSTEL,EQ,2018-01-25,276.5,275.55,283.55,267.55,279.6,280.2,276.95,19512587,5404071982.2,113102,3517555,18.03,1,2018,169.89874739889413,0.013381555153707092,Slight or No change
JINDALSTEL,EQ,2018-01-29,280.2,282.0,282.8,264.25,266.1,266.05,271.7,15891835,4317772725.25,88528,2265042,14.25,1,2018,170.77214962522814,-0.050499643112062786,Slight or No change
JINDALSTEL,EQ,2018-01-30,266.05,267.05,274.35,263.9,267.8,268.35,269.23,13236861,3563722974.45,66136,2118160,16.0,1,2018,171.50488645650103,0.008644991542943181,Slight or No change
JINDALSTEL,EQ,2018-01-31,268.35,270.0,274.0,264.25,265.45,266.45,269.05,11086304,2982724712.85,65348,2103355,18.97,1,2018,172.09828754338582,-0.007080305571082635,Slight or No change
JINDALSTEL,EQ,2018-02-01,266.45,266.5,271.9,253.05,265.85,265.95,265.26,9365791,2484346047.8,56341,1342773,14.34,2,2018,172.59122129968455,-0.001876524676299507,Slight or No change
JINDALSTEL,EQ,2018-02-02,265.95,260.0,264.4,245.5,249.95,250.55,256.56,14345960,3680601339.6,69916,1664797,11.6,2,2018,173.21340205718806,-0.05790562135739796,Slight or No change
JINDALSTEL,EQ,2018-02-05,250.55,239.0,262.15,235.1,260.8,259.55,251.42,13957982,3509267020.75,83343,2521442,18.06,2,2018,173.87864488848575,0.03592097385751347,Slight or No change
JINDALSTEL,EQ,2018-02-06,259.55,238.0,261.7,236.25,253.3,253.9,251.17,16272624,4087257491.55,80174,2351145,14.45,2,2018,174.59107503850407,-0.02176844538624545,Slight or No change
JINDALSTEL,EQ,2018-02-07,253.9,257.0,268.75,250.1,250.3,252.65,257.25,9109437,2343373415.1,53167,1156210,12.69,2,2018,174.97818450548155,-0.004923198109491933,Slight or No change
JINDALSTEL,EQ,2018-02-08,252.65,253.9,272.9,248.0,267.0,266.3,261.9,16036869,4200057186.35,87084,1497698,9.34,2,2018,175.76856944173738,0.05402731050860887,Slight or No change
JINDALSTEL,EQ,2018-02-09,266.3,255.35,276.4,255.35,272.2,272.65,268.41,15474462,4153428044.5,97225,1609616,10.4,2,2018,176.57096538760987,0.02384528726999613,Slight or No change
JINDALSTEL,EQ,2018-02-12,272.65,279.5,279.5,272.6,273.45,274.1,275.67,7007854,1931830347.25,46690,1019964,14.55,2,2018,176.93540511525796,0.005318173482486976,Slight or No change
JINDALSTEL,EQ,2018-02-14,274.1,276.1,278.5,267.0,267.5,270.05,274.22,6400186,1755086700.0,47599,780125,12.19,2,2018,177.2520974112749,-0.01477562933236054,Slight or No change
JINDALSTEL,EQ,2018-02-15,270.05,270.25,277.4,262.4,265.5,265.35,270.96,9064245,2456058092.55,63362,1366001,15.07,2,2018,177.67441333907138,-0.017404184410294343,Slight or No change
JINDALSTEL,EQ,2018-02-16,265.35,268.2,270.25,246.5,252.55,251.5,258.25,13825697,3570520452.6,74316,1871384,13.54,2,2018,178.21029667853057,-0.0521952138684757,Slight or No change
JINDALSTEL,EQ,2018-02-19,251.5,254.25,254.8,242.7,250.4,250.0,248.43,10383315,2579549447.8,66024,879878,8.47,2,2018,178.59953303186728,-0.005964214711729587,Slight or No change
JINDALSTEL,EQ,2018-02-20,250.0,250.95,255.8,246.05,251.2,252.0,251.92,10140175,2554500171.55,57962,925089,9.12,2,2018,178.9861367135168,0.008000000000000007,Slight or No change
JINDALSTEL,EQ,2018-02-21,252.0,254.15,254.8,243.05,246.7,247.3,247.52,8618601,2133283829.75,50631,1329438,15.43,2,2018,179.29059476579687,-0.018650793650793585,Slight or No change
JINDALSTEL,EQ,2018-02-22,247.3,246.0,252.2,243.6,250.55,250.25,249.05,9863538,2456522205.95,50000,2464118,24.98,2,2018,179.65068805976426,0.011928831378891891,Slight or No change
JINDALSTEL,EQ,2018-02-23,250.25,251.0,266.0,250.3,265.3,265.0,260.55,13491018,3515137490.45,70462,1959193,14.52,2,2018,180.2390073663178,0.05894105894105883,Slight or No change
JINDALSTEL,EQ,2018-02-26,265.0,267.9,270.7,264.6,266.6,267.45,267.22,7464313,1994626791.9,49859,1227919,16.45,2,2018,180.57034919408892,0.009245283018867845,Slight or No change
JINDALSTEL,EQ,2018-02-27,267.45,267.45,269.95,263.05,263.45,264.05,266.38,5409534,1440974146.2,32421,419787,7.76,2,2018,180.7995739459006,-0.012712656571321701,Slight or No change
JINDALSTEL,EQ,2018-02-28,264.05,261.0,262.2,252.9,253.65,254.4,257.63,9436525,2431110099.65,52361,1527348,16.19,2,2018,181.15043742305332,-0.03654610869153574,Slight or No change
JINDALSTEL,EQ,2018-03-01,254.4,252.5,258.2,246.0,246.95,248.85,253.22,6401382,1620981236.9,38570,1112305,17.38,3,2018,181.36866175408605,-0.02181603773584906,Slight or No change
JINDALSTEL,EQ,2018-03-05,248.85,246.25,246.25,228.9,238.4,238.05,235.88,19294475,4551098358.45,103765,2243548,11.63,3,2018,181.9140647167333,-0.04339963833634708,Slight or No change
JINDALSTEL,EQ,2018-03-06,238.05,242.25,248.35,231.55,232.0,233.65,241.73,15121389,3655264947.2,75941,2113786,13.98,3,2018,182.30129172442633,-0.01848351186725483,Slight or No change
JINDALSTEL,EQ,2018-03-07,233.65,232.0,236.7,228.0,233.1,231.85,232.79,14250354,3317404028.4,63782,2196328,15.41,3,2018,182.64833775231162,-0.007703830515728649,Slight or No change
JINDALSTEL,EQ,2018-03-08,231.85,235.4,237.4,222.85,234.8,234.7,231.55,12164822,2816756913.85,61699,1328588,10.92,3,2018,182.95770939081336,0.01229243045072237,Slight or No change
JINDALSTEL,EQ,2018-03-09,234.7,237.5,237.5,220.55,222.5,222.25,227.39,16358023,3719630201.05,87991,2546792,15.57,3,2018,183.2692546089742,-0.05304644226672339,Slight or No change
JINDALSTEL,EQ,2018-03-12,222.25,224.8,232.75,221.1,232.5,230.4,226.67,12273881,2782080112.5,61819,1552458,12.65,3,2018,183.5479906053799,0.036670416197975175,Slight or No change
JINDALSTEL,EQ,2018-03-13,230.4,230.65,236.1,227.15,230.0,229.9,231.23,9704491,2244012147.15,50898,630184,6.49,3,2018,183.76372635448223,-0.0021701388888888395,Slight or No change
JINDALSTEL,EQ,2018-03-14,229.9,227.3,232.8,227.2,230.35,230.25,230.23,6233404,1435106191.15,30954,655352,10.51,3,2018,183.90228524284052,0.0015224010439320868,Slight or No change
JINDALSTEL,EQ,2018-03-15,230.25,230.3,234.0,229.0,230.0,230.7,231.25,6442807,1489876753.85,36703,1411519,21.91,3,2018,184.04601551341258,0.00195439739413672,Slight or No change
JINDALSTEL,EQ,2018-03-16,230.7,230.0,232.2,224.05,226.2,226.2,227.85,7506230,1710324957.85,45107,1789007,23.83,3,2018,184.1963150823223,-0.01950585175552666,Slight or No change
JINDALSTEL,EQ,2018-03-19,226.2,227.0,227.3,217.8,221.5,220.95,221.0,8793211,1943267436.4,54246,1678570,19.09,3,2018,184.349189716429,-0.023209549071617985,Slight or No change
JINDALSTEL,EQ,2018-03-20,220.95,217.9,236.2,217.6,233.5,233.55,230.24,21033261,4842752637.7,111144,3294753,15.66,3,2018,184.83388225110068,0.05702647657841142,Slight or No change
JINDALSTEL,EQ,2018-03-21,233.55,234.75,236.2,229.3,230.0,230.6,232.18,10401329,2414975466.9,60678,2199070,21.14,3,2018,185.0557579696235,-0.012631128238064782,Slight or No change
JINDALSTEL,EQ,2018-03-22,230.6,231.7,231.7,223.05,223.5,224.9,227.66,7558038,1720697215.15,38583,709076,9.38,3,2018,185.1956278725098,-0.024718126626192438,Slight or No change
JINDALSTEL,EQ,2018-03-23,224.9,218.0,218.7,205.2,212.85,213.75,211.55,19683008,4163977784.55,90087,2855795,14.51,3,2018,185.45430702900393,-0.04957759004001783,Slight or No change
JINDALSTEL,EQ,2018-03-26,213.75,214.95,219.9,209.65,217.6,216.95,214.52,11094083,2379849086.25,60717,1130828,10.19,3,2018,185.61430999195727,0.014970760233917968,Slight or No change
JINDALSTEL,EQ,2018-03-27,216.95,221.85,233.0,220.15,229.6,229.75,227.41,15430010,3509012517.95,92940,1996810,12.94,3,2018,185.9239690545362,0.05899976953215025,Slight or No change
JINDALSTEL,EQ,2018-03-28,229.75,226.65,226.9,217.5,218.0,219.1,222.64,9513723,2118177716.65,48950,1957510,20.58,3,2018,186.06686763892824,-0.046354733405875925,Slight or No change
JINDALSTEL,EQ,2018-04-02,219.1,221.6,226.95,218.55,224.2,225.0,223.12,7671856,1711741039.7,39075,803199,10.47,4,2018,186.2016294768692,0.026928343222272888,Slight or No change
JINDALSTEL,EQ,2018-04-03,225.0,222.0,230.4,222.0,230.0,229.4,227.21,8768416,1992249622.4,45869,782176,8.92,4,2018,186.37185352754608,0.019555555555555548,Slight or No change
JINDALSTEL,EQ,2018-04-04,229.4,231.9,233.75,218.0,218.45,219.6,227.11,11028147,2504581471.2,55655,2130097,19.32,4,2018,186.53572147234536,-0.042720139494333065,Slight or No change
JINDALSTEL,EQ,2018-04-05,219.6,224.95,237.35,224.85,235.15,235.9,232.91,16750562,3901453390.2,86657,2098224,12.53,4,2018,186.90273876915828,0.07422586520947183,Slight or No change
JINDALSTEL,EQ,2018-04-06,235.9,235.0,241.8,233.15,240.4,240.05,238.09,15129804,3602187303.95,90213,3023560,19.98,4,2018,187.25726779409464,0.017592200084781684,Slight or No change
JINDALSTEL,EQ,2018-04-09,240.05,243.0,244.45,240.85,243.0,242.9,242.89,9295906,2257893623.2,58017,2432156,26.16,4,2018,187.48439096295212,0.011872526556967244,Slight or No change
JINDALSTEL,EQ,2018-04-10,242.9,246.0,247.25,242.7,244.2,244.9,245.23,8406808,2061632442.85,43618,2040576,24.27,4,2018,187.69555607425184,0.008233841086866978,Slight or No change
JINDALSTEL,EQ,2018-04-11,244.9,247.45,250.8,245.85,247.4,247.8,248.31,9287590,2306159032.5,54826,1442634,15.53,4,2018,187.93878187743462,0.011841567986933477,Slight or No change
JINDALSTEL,EQ,2018-04-12,247.8,246.8,247.05,242.0,244.0,243.75,244.28,6181008,1509907887.6,32233,1382943,22.37,4,2018,188.08868572838657,-0.016343825665859568,Slight or No change
JINDALSTEL,EQ,2018-04-13,243.75,245.0,253.0,244.0,251.8,251.15,249.46,10828596,2701276658.4,58563,1870758,17.28,4,2018,188.3840298827612,0.030358974358974278,Slight or No change
JINDALSTEL,EQ,2018-04-16,251.15,251.0,256.8,249.35,253.6,254.2,254.26,7505413,1908302539.2,42649,677928,9.03,4,2018,188.59698672267993,0.012144136969938213,Slight or No change
JINDALSTEL,EQ,2018-04-17,254.2,255.5,256.7,250.6,251.8,251.85,253.15,5240700,1326679653.95,29112,795031,15.17,4,2018,188.73957247556532,-0.009244689221085789,Slight or No change
JINDALSTEL,EQ,2018-04-18,251.85,252.5,253.25,248.45,250.65,249.9,250.37,4978526,1246477782.0,41410,967437,19.43,4,2018,188.87026413849475,-0.007742703990470501,Slight or No change
JINDALSTEL,EQ,2018-04-19,249.9,252.0,263.75,250.55,259.4,260.05,259.28,11571363,3000266088.45,75827,2060520,17.81,4,2018,189.22203984507482,0.04061624649859952,Slight or No change
JINDALSTEL,EQ,2018-04-20,260.05,258.0,258.45,248.5,252.05,251.7,252.14,8233307,2075908573.15,45748,2073446,25.18,4,2018,189.4409680053685,-0.03210920976735254,Slight or No change
JINDALSTEL,EQ,2018-04-23,251.7,251.85,253.75,248.65,249.45,249.9,251.04,4013681,1007597235.7,24233,730584,18.2,4,2018,189.5440691012555,-0.007151370679380098,Slight or No change
JINDALSTEL,EQ,2018-04-24,249.9,246.2,254.4,243.1,254.0,253.4,248.64,5844291,1453138213.8,35552,701104,12.0,4,2018,189.70223587645594,0.014005602240896309,Slight or No change
JINDALSTEL,EQ,2018-04-25,253.4,251.5,254.05,247.15,247.9,248.5,249.9,5139181,1284262291.2,35348,1382469,26.9,4,2018,189.83002444585574,-0.01933701657458564,Slight or No change
JINDALSTEL,EQ,2018-04-26,248.5,250.25,252.55,246.3,252.0,251.6,249.39,3976406,991676685.05,22662,1046538,26.32,4,2018,189.9337237226627,0.01247484909456742,Slight or No change
JINDALSTEL,EQ,2018-04-27,251.6,253.0,256.8,250.0,252.7,253.6,253.46,5690205,1442259458.0,27353,1463874,25.73,4,2018,190.08630556904905,0.007949125596184325,Slight or No change
JINDALSTEL,EQ,2018-04-30,253.6,255.0,258.65,251.2,251.5,252.1,254.88,5093833,1298309395.15,29056,1687877,33.14,4,2018,190.2190655158308,-0.005914826498422676,Slight or No change
JINDALSTEL,EQ,2018-05-02,252.1,252.45,253.25,236.2,237.8,238.45,243.23,6196261,1507121406.3,34595,1385419,22.36,5,2018,190.34433943012596,-0.05414518048393502,Slight or No change
JINDALSTEL,EQ,2018-05-03,238.45,237.95,242.4,234.05,240.3,240.3,239.43,6978096,1670742329.1,36618,1293188,18.53,5,2018,190.4900390468345,0.007758439924512528,Slight or No change
JINDALSTEL,EQ,2018-05-04,240.3,241.3,245.0,238.1,240.65,240.65,241.33,4939043,1191933149.7,33775,555925,11.26,5,2018,190.59337255081329,0.0014565126924677152,Slight or No change
JINDALSTEL,EQ,2018-05-07,240.65,241.95,257.4,241.8,255.75,256.3,252.2,9919317,2501688209.05,67806,1634022,16.47,5,2018,190.8641041703899,0.06503220444629121,Slight or No change
JINDALSTEL,EQ,2018-05-08,256.3,258.2,261.75,253.0,257.0,257.6,257.68,8619764,2221166174.8,63303,1914037,22.21,5,2018,191.102199398827,0.005072181037846235,Slight or No change
JINDALSTEL,EQ,2018-05-09,257.6,257.7,265.0,256.7,262.0,261.8,262.17,10680166,2800066684.0,80097,3162320,29.61,5,2018,191.41334534661505,0.016304347826086918,Slight or No change
JINDALSTEL,EQ,2018-05-10,261.8,259.0,261.6,240.2,245.85,244.7,247.51,23532992,5824689718.9,152611,5562345,23.64,5,2018,191.92512685326344,-0.06531703590527127,Slight or No change
JINDALSTEL,EQ,2018-05-11,244.7,247.0,260.25,246.8,255.7,256.4,254.63,11966747,3047138095.5,83083,1786793,14.93,5,2018,192.23848407709883,0.04781364936657129,Slight or No change
JINDALSTEL,EQ,2018-05-14,256.4,255.45,262.15,253.05,258.85,259.45,259.17,5653115,1465119591.35,38908,693169,12.26,5,2018,192.3924443401197,0.01189547581903283,Slight or No change
JINDALSTEL,EQ,2018-05-15,259.45,258.0,263.95,250.45,252.4,252.25,257.98,8156690,2104297163.9,51043,1511900,18.54,5,2018,192.5896307713687,-0.02775101175563688,Slight or No change
JINDALSTEL,EQ,2018-05-16,252.25,251.2,255.9,245.65,255.1,254.05,252.18,5662121,1427862059.85,34640,480807,8.49,5,2018,192.72985607967556,0.0071357779980179,Slight or No change
JINDALSTEL,EQ,2018-05-17,254.05,257.4,259.65,250.15,255.9,256.45,254.95,5751945,1466482003.75,40167,686337,11.93,5,2018,192.87720200938568,0.009446959259988175,Slight or No change
JINDALSTEL,EQ,2018-05-18,256.45,255.95,257.9,243.35,246.85,245.95,249.59,7366170,1838530034.7,59131,1877213,25.48,5,2018,193.033904608132,-0.04094365373367126,Slight or No change
JINDALSTEL,EQ,2018-05-21,245.95,245.5,248.35,237.35,239.7,239.85,241.39,5312798,1282466996.25,34284,820013,15.43,5,2018,193.13338949403547,-0.024801788981500317,Slight or No change
JINDALSTEL,EQ,2018-05-22,239.85,239.0,242.55,234.75,240.9,240.35,239.6,6175608,1479670605.15,41666,1013915,16.42,5,2018,193.24973288143715,0.0020846362309776545,Slight or No change
JINDALSTEL,EQ,2018-05-23,240.35,239.4,242.0,225.0,226.0,226.15,232.4,9905568,2302023204.5,59552,2140312,21.61,5,2018,193.37925171290613,-0.05908050759309336,Slight or No change
JINDALSTEL,EQ,2018-05-24,226.15,226.3,230.5,222.3,229.8,227.65,226.44,7781302,1761971640.3,44528,812908,10.45,5,2018,193.48490645519328,0.00663276586336492,Slight or No change
JINDALSTEL,EQ,2018-05-25,227.65,230.0,237.2,228.2,235.6,235.65,233.34,7286271,1700213630.95,47798,1154010,15.84,5,2018,193.6062787615917,0.0351416648363716,Slight or No change
JINDALSTEL,EQ,2018-05-28,235.65,237.95,242.5,235.1,236.4,236.95,239.56,4896790,1173051021.8,42275,602721,12.31,5,2018,193.68996606073443,0.005516656057712677,Slight or No change
JINDALSTEL,EQ,2018-05-29,236.95,235.0,239.8,231.25,234.15,234.3,235.74,4742204,1117928795.3,30052,340960,7.19,5,2018,193.76575819979922,-0.011183794049377416,Slight or No change
JINDALSTEL,EQ,2018-05-30,234.3,230.1,236.4,230.1,233.8,234.0,233.87,4059401,949373747.1,28463,655415,16.15,5,2018,193.82993455862504,-0.001280409731113985,Slight or No change
JINDALSTEL,EQ,2018-05-31,234.0,235.95,236.5,227.3,228.95,229.55,231.53,6193783,1434037940.35,40965,1616389,26.1,5,2018,193.91665667241182,-0.01901709401709395,Slight or No change
JINDALSTEL,EQ,2018-06-01,229.55,228.8,236.0,224.85,226.55,226.6,229.9,6707926,1542165098.3,45097,773916,11.54,6,2018,194.00236755060143,-0.012851230668699754,Slight or No change
JINDALSTEL,EQ,2018-06-04,226.6,229.3,232.5,225.2,229.5,229.95,228.97,6009025,1375902280.6,45515,732038,12.18,6,2018,194.0866188192045,0.01478375992939096,Slight or No change
JINDALSTEL,EQ,2018-06-05,229.95,229.35,230.45,221.6,229.8,228.35,225.99,5634007,1273245593.05,38102,603846,10.72,6,2018,194.16174588913697,-0.006958034355294629,Slight or No change
JINDALSTEL,EQ,2018-06-06,228.35,229.8,237.4,226.9,237.0,234.9,232.27,6708647,1558202533.3,53046,1238170,18.46,6,2018,194.26783084482102,0.02868403766148453,Slight or No change
JINDALSTEL,EQ,2018-06-07,234.9,237.0,247.35,237.0,243.75,244.55,244.2,8735726,2133256889.75,55217,1394967,15.97,6,2018,194.43775663372884,0.0410813111962538,Slight or No change
JINDALSTEL,EQ,2018-06-08,244.55,241.65,244.9,238.25,241.1,240.95,241.19,4174159,1006747375.1,26391,414198,9.92,6,2018,194.51274291795568,-0.014720915968104764,Slight or No change
JINDALSTEL,EQ,2018-06-11,240.95,242.2,245.25,241.0,241.15,241.85,242.98,3018819,733518502.45,26766,714523,23.67,6,2018,194.56787185886589,0.0037352147748495046,Slight or No change
JINDALSTEL,EQ,2018-06-12,241.85,241.5,247.95,238.1,247.2,246.7,243.93,5556963,1355536883.9,51209,569535,10.25,6,2018,194.67939177031045,0.02005375232582174,Slight or No change
JINDALSTEL,EQ,2018-06-13,246.7,247.2,249.35,244.3,246.1,245.9,246.72,3517744,867907369.7,27614,621008,17.65,6,2018,194.7486594607707,-0.0032428050263477726,Slight or No change
JINDALSTEL,EQ,2018-06-14,245.9,246.0,250.9,242.8,243.0,243.6,245.82,4974089,1222728099.95,44987,1135510,22.83,6,2018,194.8418951346402,-0.0093533956893046,Slight or No change
JINDALSTEL,EQ,2018-06-15,243.6,243.8,244.7,231.15,233.45,234.0,236.93,6764385,1602672749.45,44655,1093028,16.16,6,2018,194.94326673671569,-0.039408866995073843,Slight or No change
JINDALSTEL,EQ,2018-06-18,234.0,232.5,233.45,224.35,228.95,229.55,228.06,6292763,1435120948.25,55422,625668,9.94,6,2018,195.02640934816407,-0.01901709401709395,Slight or No change
JINDALSTEL,EQ,2018-06-19,229.55,227.0,232.3,218.15,222.25,222.35,223.99,9624075,2155744195.2,68959,1326766,13.79,6,2018,195.12643827817814,-0.031365715530385585,Slight or No change
JINDALSTEL,EQ,2018-06-20,222.35,224.1,232.05,222.25,229.85,230.4,226.99,7411278,1682295324.3,60254,1161893,15.68,6,2018,195.22560104672172,0.036204182595007905,Slight or No change
JINDALSTEL,EQ,2018-06-21,230.4,231.45,231.45,224.35,225.25,225.15,227.51,6496163,1477924698.1,40025,694810,10.7,6,2018,195.2991573227724,-0.02278645833333337,Slight or No change
JINDALSTEL,EQ,2018-06-22,225.15,226.0,231.9,223.4,230.05,230.9,228.2,6886797,1571568677.1,54966,1555340,22.58,6,2018,195.3916877773723,0.025538529868976312,Slight or No change
JINDALSTEL,EQ,2018-06-25,230.9,228.95,232.35,225.2,225.9,226.05,228.66,3881913,887642362.2,28234,603889,15.56,6,2018,195.4365380801001,-0.021004763967085283,Slight or No change
JINDALSTEL,EQ,2018-06-26,226.05,225.0,226.65,220.1,224.0,223.3,223.69,4419600,988629193.35,28152,380270,8.6,6,2018,195.48286854369513,-0.012165450121654486,Slight or No change
JINDALSTEL,EQ,2018-06-27,223.3,224.25,225.5,210.2,212.0,213.1,217.39,6208538,1349662332.6,41858,1271597,20.48,6,2018,195.5239229614626,-0.045678459471563015,Slight or No change
JINDALSTEL,EQ,2018-06-28,213.1,212.1,215.7,208.55,210.35,209.9,211.93,5816291,1232635450.35,37777,1240803,21.33,6,2018,195.5552395744383,-0.01501642421398397,Slight or No change
JINDALSTEL,EQ,2018-06-29,209.9,212.0,226.2,212.0,222.6,223.05,219.7,7614771,1672933356.8,56985,1273243,16.72,6,2018,195.6334308362192,0.06264888041924732,Slight or No change
JINDALSTEL,EQ,2018-07-02,223.05,223.0,223.15,203.15,205.7,206.95,210.08,16930391,3556765335.6,100046,2329783,13.76,7,2018,195.7045351313521,-0.07218112530822696,Slight or No change
JINDALSTEL,EQ,2018-07-03,206.95,205.7,212.9,205.55,209.5,208.65,209.8,10071955,2113057632.5,74443,1229138,12.2,7,2018,195.75274380345513,0.008214544575984695,Slight or No change
JINDALSTEL,EQ,2018-07-04,208.65,209.9,217.9,206.5,214.6,216.45,212.83,11075743,2357278849.15,77155,1190883,10.75,7,2018,195.83715586968515,0.03738317757009346,Slight or No change
JINDALSTEL,EQ,2018-07-05,216.45,214.95,214.95,210.1,212.5,211.85,212.18,5707784,1211060843.1,38311,996371,17.46,7,2018,195.87074069237323,-0.02125202125202119,Slight or No change
JINDALSTEL,EQ,2018-07-06,211.85,210.0,221.65,208.5,214.85,215.65,216.64,8877198,1923149596.05,57717,790485,8.9,7,2018,195.9350507094355,0.017937219730941756,Slight or No change
JINDALSTEL,EQ,2018-07-09,215.65,218.05,224.4,218.05,220.7,221.25,221.88,7647949,1696927834.95,54381,1004700,13.14,7,2018,196.00576381517763,0.02596800370971475,Slight or No change
JINDALSTEL,EQ,2018-07-10,221.25,222.9,229.3,221.05,227.1,226.85,226.28,8438858,1909547007.85,48957,1053481,12.48,7,2018,196.10053996022864,0.025310734463276807,Slight or No change
JINDALSTEL,EQ,2018-07-11,226.85,225.1,225.1,215.6,218.1,217.75,219.59,7677024,1685795355.1,42042,1117221,14.55,7,2018,196.16088881074523,-0.04011461318051579,Slight or No change
JINDALSTEL,EQ,2018-07-12,217.75,220.95,227.5,217.7,220.25,218.9,222.27,9370250,2082758948.75,60990,1195239,12.76,7,2018,196.23799310749092,0.005281285878300901,Slight or No change
JINDALSTEL,EQ,2018-07-13,218.9,221.5,222.9,199.2,207.0,206.1,207.31,24442380,5067098980.55,141638,3013078,12.33,7,2018,196.32445769387056,-0.0584741891274555,Slight or No change
JINDALSTEL,EQ,2018-07-16,206.1,206.9,206.9,193.25,195.6,196.0,197.93,13866732,2744623884.2,98264,3412342,24.61,7,2018,196.32285183690925,-0.049005337214944156,Slight or No change
JINDALSTEL,EQ,2018-07-17,196.0,196.5,203.0,190.35,198.25,199.0,198.32,13688755,2714727778.25,87063,2141574,15.64,7,2018,196.33586833904425,0.015306122448979664,Slight or No change
JINDALSTEL,EQ,2018-07-18,199.0,201.05,202.25,184.6,184.6,186.2,191.82,10116593,1940535078.2,64793,1276909,12.62,7,2018,196.29957763228413,-0.06432160804020104,Slight or No change
JINDALSTEL,EQ,2018-07-19,186.2,186.0,192.35,177.25,181.95,182.75,184.35,22434972,4135867653.75,124533,3611524,16.1,7,2018,196.19284019899237,-0.018528464017185775,Slight or No change
JINDALSTEL,EQ,2018-07-20,182.75,183.0,186.15,180.05,183.4,183.4,183.13,9132609,1672487458.65,62822,601839,6.59,7,2018,196.15194833810796,0.003556771545827564,Slight or No change
JINDALSTEL,EQ,2018-07-23,183.4,185.4,189.0,178.5,186.9,187.45,183.99,10389935,1911600679.6,64425,2149191,20.69,7,2018,196.12041805256095,0.022082878953107787,Slight or No change
JINDALSTEL,EQ,2018-07-24,187.45,188.9,197.6,186.75,196.3,195.9,193.67,10314688,1997650411.25,71494,1746706,16.93,7,2018,196.11962802466942,0.045078687650040195,Slight or No change
JINDALSTEL,EQ,2018-07-25,195.9,200.0,207.2,197.45,199.55,200.25,203.19,17124209,3479420026.6,102379,2621530,15.31,7,2018,196.1440602071695,0.022205206738131755,Slight or No change
JINDALSTEL,EQ,2018-07-26,200.25,201.5,202.3,194.3,194.9,195.25,197.67,7511230,1484773234.35,42678,1342658,17.88,7,2018,196.14174646460808,-0.024968789013732784,Slight or No change
JINDALSTEL,EQ,2018-07-27,195.25,196.5,205.0,196.1,203.4,203.7,201.6,12125446,2444473442.2,56928,2485827,20.5,7,2018,196.17319104645907,0.04327784891165165,Slight or No change
JINDALSTEL,EQ,2018-07-30,203.7,203.75,206.4,200.3,202.4,202.75,203.07,5838942,1185705829.1,41875,457285,7.83,7,2018,196.18634047418587,-0.004663721158566503,Slight or No change
JINDALSTEL,EQ,2018-07-31,202.75,202.8,206.65,200.25,204.4,205.45,204.14,9106748,1859088214.85,79735,1649829,18.12,7,2018,196.21513773674502,0.013316892725030671,Slight or No change
JINDALSTEL,EQ,2018-08-01,205.45,207.6,211.0,200.1,200.65,201.7,204.96,9789708,2006487900.2,62443,1986588,20.29,8,2018,196.23340577358945,-0.01825261620832319,Slight or No change
JINDALSTEL,EQ,2018-08-02,201.7,200.7,205.9,196.15,199.9,201.4,201.89,10522290,2124392698.55,65529,913365,8.68,8,2018,196.25183550884057,-0.0014873574615764662,Slight or No change
JINDALSTEL,EQ,2018-08-03,201.4,202.5,206.85,201.1,202.75,203.05,203.73,5879126,1197737393.65,38996,641803,10.92,8,2018,196.26535761074732,0.00819265143992065,Slight or No change
JINDALSTEL,EQ,2018-08-06,203.05,204.45,209.35,204.4,207.6,207.15,207.22,5925649,1227923610.1,38322,929052,15.68,8,2018,196.2871357135999,0.020192070918492844,Slight or No change
JINDALSTEL,EQ,2018-08-07,207.15,208.7,215.65,205.1,215.25,214.6,211.08,11614733,2451605457.0,65709,1458181,12.55,8,2018,196.358673517472,0.03596427709389327,Slight or No change
JINDALSTEL,EQ,2018-08-08,214.6,216.0,219.0,214.2,217.8,217.1,217.02,7979773,1731774286.05,50045,727288,9.11,8,2018,196.41419143080287,0.011649580615097799,Slight or No change
JINDALSTEL,EQ,2018-08-09,217.1,218.7,224.9,214.15,215.65,216.95,219.54,10555566,2317319614.95,71264,1695236,16.06,8,2018,196.48664577291794,-0.0006909258406264662,Slight or No change
JINDALSTEL,EQ,2018-08-10,216.95,218.8,222.0,202.5,202.8,203.55,210.47,15824017,3330519872.25,103694,3279409,20.72,8,2018,196.52380851973143,-0.06176538372896967,Slight or No change
JINDALSTEL,EQ,2018-08-13,203.55,200.2,205.2,196.4,199.4,199.85,201.36,8780954,1768130688.5,57621,929105,10.58,8,2018,196.53349136325747,-0.01817735200196524,Slight or No change
JINDALSTEL,EQ,2018-08-14,199.85,201.3,203.15,196.65,198.8,199.5,199.75,6870229,1372333019.7,45212,807187,11.75,8,2018,196.54023264926983,-0.0017513134851138146,Slight or No change
JINDALSTEL,EQ,2018-08-16,199.5,194.0,196.6,189.5,192.05,191.85,193.22,8238019,1591773056.85,58968,970590,11.78,8,2018,196.527487019381,-0.03834586466165413,Slight or No change
JINDALSTEL,EQ,2018-08-17,191.85,194.45,199.85,194.15,199.4,198.8,197.45,7766094,1533434932.25,62395,1276923,16.44,8,2018,196.5332938878232,0.036226218399791676,Slight or No change
JINDALSTEL,EQ,2018-08-20,198.8,200.65,206.8,197.3,204.2,205.3,202.32,10829798,2191082581.65,69316,3013096,27.82,8,2018,196.5644214422541,0.032696177062374154,Slight or No change
JINDALSTEL,EQ,2018-08-21,205.3,206.25,207.85,202.55,205.2,205.75,205.76,7391569,1520892947.15,48811,890236,12.04,8,2018,196.58662794423924,0.002191914271797213,Slight or No change
JINDALSTEL,EQ,2018-08-23,205.75,205.1,206.8,198.75,200.2,200.25,201.77,5689097,1147869777.4,33345,744477,13.09,8,2018,196.59343178311684,-0.026731470230862753,Slight or No change
JINDALSTEL,EQ,2018-08-24,200.25,198.25,203.15,196.55,201.7,202.35,200.99,7236361,1454412752.8,47974,612220,8.46,8,2018,196.6069989377375,0.01048689138576786,Slight or No change
JINDALSTEL,EQ,2018-08-27,202.35,204.95,210.0,204.1,207.0,207.2,207.79,6552984,1361630479.55,44925,996616,15.21,8,2018,196.6295588348943,0.02396837163330856,Slight or No change
JINDALSTEL,EQ,2018-08-28,207.2,209.05,209.7,204.3,208.35,208.85,207.75,6528852,1356383510.65,45415,955089,14.63,8,2018,196.65543394261985,0.007963320463320489,Slight or No change
JINDALSTEL,EQ,2018-08-29,208.85,207.9,222.0,207.0,217.0,217.55,217.56,16726751,3639149998.3,105819,2092622,12.51,8,2018,196.76816767519546,0.041656691405314916,Slight or No change
JINDALSTEL,EQ,2018-08-30,217.55,218.0,227.75,215.5,223.3,222.75,223.0,15699877,3501056468.15,106335,2652722,16.9,8,2018,196.8990801970209,0.02390255113766937,Slight or No change
JINDALSTEL,EQ,2018-08-31,222.75,221.9,225.4,217.25,219.95,220.75,221.11,10164880,2247593904.2,71791,2207537,21.72,8,2018,196.97663488940523,-0.008978675645342271,Slight or No change
JINDALSTEL,EQ,2018-09-03,220.75,221.0,224.5,219.3,220.25,220.55,222.0,7310760,1622957072.95,40331,695156,9.51,9,2018,197.03163585687835,-0.0009060022650055899,Slight or No change
JINDALSTEL,EQ,2018-09-04,220.55,221.6,223.0,209.1,209.65,210.25,213.0,10609823,2259869808.2,62042,1288333,12.14,9,2018,197.0762429587066,-0.04670142824756296,Slight or No change
JINDALSTEL,EQ,2018-09-05,210.25,209.75,212.8,203.05,211.7,211.8,208.69,10287526,2146868983.7,61379,1103837,10.73,9,2018,197.1242637157022,0.00737217598097506,Slight or No change
JINDALSTEL,EQ,2018-09-06,211.8,212.95,215.9,210.2,211.4,211.9,212.79,6238449,1327495682.7,34926,439723,7.05,9,2018,197.1534290586199,0.00047214353163349543,Slight or No change
JINDALSTEL,EQ,2018-09-07,211.9,212.4,221.0,208.75,220.75,219.85,215.91,11323476,2444803717.85,60859,1412650,12.48,9,2018,197.2344557553874,0.03751769702689933,Slight or No change
JINDALSTEL,EQ,2018-09-10,219.85,222.95,226.8,216.75,219.05,219.0,221.51,11304812,2504084470.35,71730,1504276,13.31,9,2018,197.3117551113146,-0.0038662724584943575,Slight or No change
JINDALSTEL,EQ,2018-09-11,219.0,219.55,227.9,215.2,215.7,216.95,222.18,17531674,3895170890.6,95293,2218190,12.65,9,2018,197.41932325603184,-0.009360730593607314,Slight or No change
JINDALSTEL,EQ,2018-09-12,216.95,216.95,225.9,210.55,225.7,224.4,218.35,15017449,3279056466.5,89792,1096507,7.3,9,2018,197.5453241714641,0.03433970961050936,Slight or No change
JINDALSTEL,EQ,2018-09-14,224.4,228.1,238.4,228.1,233.25,233.45,234.63,19606130,4600153310.6,111970,2076110,10.59,9,2018,197.76290855781647,0.0403297682709447,Slight or No change
JINDALSTEL,EQ,2018-09-17,233.45,231.95,241.45,229.4,237.5,237.85,237.04,15435176,3658758655.8,90550,1374779,8.91,9,2018,197.95325025709192,0.018847718997644147,Slight or No change
JINDALSTEL,EQ,2018-09-18,237.85,237.8,243.65,227.75,229.2,229.35,236.47,15047108,3558197230.3,79654,1758778,11.69,9,2018,198.09791073772598,-0.03573680891318054,Slight or No change
JINDALSTEL,EQ,2018-09-19,229.35,231.65,237.75,228.2,233.35,232.4,233.34,12501202,2917006473.1,81552,858417,6.87,9,2018,198.22871600869667,0.01329845214737313,Slight or No change
JINDALSTEL,EQ,2018-09-21,232.4,236.3,246.45,217.3,234.85,235.0,239.05,25071039,5993240681.55,140114,4356686,17.38,9,2018,198.50779384768387,0.011187607573149627,Slight or No change
JINDALSTEL,EQ,2018-09-24,235.0,236.0,236.2,220.2,221.5,223.65,227.41,12572765,2859217803.9,65408,1735947,13.81,9,2018,198.60312362845215,-0.048297872340425485,Slight or No change
JINDALSTEL,EQ,2018-09-25,223.65,222.0,227.9,213.7,227.3,225.65,222.32,12694193,2822140573.8,71131,928523,7.31,9,2018,198.70627077433025,0.008942544153811793,Slight or No change
JINDALSTEL,EQ,2018-09-26,225.65,227.65,233.3,223.45,230.7,230.8,229.2,10164843,2329810409.95,60051,607187,5.97,9,2018,198.80397911754176,0.022822955905162923,Slight or No change
JINDALSTEL,EQ,2018-09-27,230.8,231.0,232.9,221.55,225.1,223.6,228.33,7401920,1690090069.2,49957,1017797,13.75,9,2018,198.8588289655408,-0.03119584055459279,Slight or No change
JINDALSTEL,EQ,2018-09-28,223.6,225.6,227.0,182.6,195.8,196.35,206.59,21535913,4449132549.05,126362,2536594,11.78,9,2018,198.8427855344984,-0.12186940966010729,Slight or No change
JINDALSTEL,EQ,2018-10-01,196.35,192.4,197.85,178.55,192.5,193.75,187.59,18245838,3422784613.4,145375,1981470,10.86,10,2018,198.81534228582203,-0.013241660300483793,Slight or No change
JINDALSTEL,EQ,2018-10-03,193.75,191.65,197.8,184.6,185.45,186.55,192.92,13439885,2592832192.1,80962,1673018,12.45,10,2018,198.7668501716469,-0.03716129032258053,Slight or No change
JINDALSTEL,EQ,2018-10-04,186.55,184.7,192.85,183.0,190.55,191.2,188.93,11280891,2131243980.0,70639,700745,6.21,10,2018,198.74182277827325,0.024926293218975992,Slight or No change
JINDALSTEL,EQ,2018-10-05,191.2,190.0,194.45,169.0,169.0,175.9,183.05,12781374,2339692717.5,100201,1580182,12.36,10,2018,198.65654400735926,-0.08002092050209197,Slight or No change
JINDALSTEL,EQ,2018-10-08,175.9,172.0,178.0,164.35,176.0,174.75,171.64,17526003,3008223355.7,154281,1364497,7.79,10,2018,198.53478119403158,-0.0065378055713474215,Slight or No change
JINDALSTEL,EQ,2018-10-09,174.75,176.15,178.3,169.35,174.65,175.1,174.21,9975787,1737854886.45,72148,1348230,13.52,10,2018,198.4670379755223,0.0020028612303291116,Slight or No change
JINDALSTEL,EQ,2018-10-10,175.1,175.0,184.9,175.0,182.0,181.95,180.67,10065146,1818477846.1,68400,1271395,12.63,10,2018,198.41900437084416,0.039120502569959914,Slight or No change
JINDALSTEL,EQ,2018-10-11,181.95,172.8,175.65,164.45,166.2,166.8,170.68,13701423,2338581647.05,121650,1847759,13.49,10,2018,198.2943260550693,-0.08326463314097265,Slight or No change
JINDALSTEL,EQ,2018-10-12,166.8,169.1,180.35,169.1,176.8,178.4,176.19,13339907,2350417920.4,101325,1500995,11.25,10,2018,198.21824176616622,0.0695443645083933,Slight or No change
JINDALSTEL,EQ,2018-10-15,178.4,178.0,182.2,173.15,180.0,178.4,178.17,10690975,1904826180.05,80861,1432944,13.4,10,2018,198.15768449278985,0.0,Slight or No change
JINDALSTEL,EQ,2018-10-16,178.4,179.9,183.95,177.8,179.0,178.9,180.81,7767487,1404474423.7,59444,1115875,14.37,10,2018,198.1150260116533,0.002802690582959677,Slight or No change
JINDALSTEL,EQ,2018-10-17,178.9,182.0,182.5,168.0,168.6,168.55,174.02,10926989,1901465433.25,76850,2100285,19.22,10,2018,198.0231825327911,-0.05785354946897703,Slight or No change
JINDALSTEL,EQ,2018-10-19,168.55,167.0,170.4,161.4,166.25,166.25,166.27,11564909,1922892757.2,105581,1573300,13.6,10,2018,197.91905946873766,-0.013645802432512677,Slight or No change
JINDALSTEL,EQ,2018-10-22,166.25,169.0,172.0,164.1,168.0,168.5,168.6,8888072,1498535353.85,76324,1731609,19.48,10,2018,197.84515206768756,0.013533834586466176,Slight or No change
JINDALSTEL,EQ,2018-10-23,168.5,166.7,170.9,165.0,169.7,170.0,168.36,8952564,1507222126.2,88656,1432981,16.01,10,2018,197.77486894723322,0.008902077151335286,Slight or No change
JINDALSTEL,EQ,2018-10-24,170.0,172.0,173.75,160.2,163.75,163.2,165.05,13456888,2221102404.15,100269,3016480,22.42,10,2018,197.64418730397023,-0.040000000000000036,Slight or No change
JINDALSTEL,EQ,2018-10-25,163.2,162.0,165.95,158.8,163.35,162.25,162.45,9969835,1619555063.0,78035,2406719,24.14,10,2018,197.54535136628132,-0.005821078431372473,Slight or No change
JINDALSTEL,EQ,2018-10-26,162.25,162.1,164.65,157.0,161.0,161.1,161.05,9242298,1488491518.15,97453,942264,10.2,10,2018,197.45125035465443,-0.007087827426810467,Slight or No change
JINDALSTEL,EQ,2018-10-29,161.1,161.75,170.7,161.4,169.0,169.55,165.97,7000326,1161825793.4,52808,883650,12.62,10,2018,197.39679186188553,0.052451893234016334,Slight or No change
JINDALSTEL,EQ,2018-10-30,169.55,169.0,175.5,167.85,171.0,170.15,170.9,6909915,1180874192.35,51275,566788,8.2,10,2018,197.34439855032176,0.0035387791212031505,Slight or No change
JINDALSTEL,EQ,2018-10-31,170.15,171.2,172.5,165.15,170.25,171.35,169.57,8033896,1362298643.15,60289,1447179,18.01,10,2018,197.28641245310234,0.007052600646488383,Slight or No change
JINDALSTEL,EQ,2018-11-01,171.35,171.5,177.05,170.9,175.2,175.15,174.62,8305748,1450369599.4,66820,1250648,15.06,11,2018,197.23547895869544,0.022176831047563628,Slight or No change
JINDALSTEL,EQ,2018-11-02,175.15,177.4,189.4,175.65,185.0,184.8,184.62,14936377,2757603848.55,110272,3029292,20.28,11,2018,197.18423626161592,0.05509563231515857,Slight or No change
JINDALSTEL,EQ,2018-11-05,184.8,183.0,187.85,180.25,182.5,182.9,183.82,6834069,1256212974.9,46691,726267,10.63,11,2018,197.15735544039865,-0.010281385281385336,Slight or No change
JINDALSTEL,EQ,2018-11-06,182.9,183.4,185.35,179.5,181.25,181.5,182.17,4844677,882550393.9,37527,426137,8.8,11,2018,197.13649562775217,-0.007654455986878084,Slight or No change
JINDALSTEL,EQ,2018-11-07,181.5,182.6,184.5,182.5,184.4,183.8,183.56,739424,135731028.05,4831,223453,30.22,11,2018,197.1337843492229,0.012672176308540006,Slight or No change
JINDALSTEL,EQ,2018-11-09,183.8,183.95,185.0,181.85,184.45,184.3,183.6,4799298,881134204.5,34642,477146,9.94,11,2018,197.1168722064401,0.002720348204570122,Slight or No change
JINDALSTEL,EQ,2018-11-12,184.3,184.5,192.6,179.75,180.05,180.6,184.7,13280418,2452879052.2,85861,1366896,10.29,11,2018,197.05686202296502,-0.020075963103635464,Slight or No change
JINDALSTEL,EQ,2018-11-13,180.6,180.0,183.8,174.3,183.5,182.55,179.04,9260052,1657938045.4,63419,713781,7.71,11,2018,197.02020362602968,0.010797342192691017,Slight or No change
JINDALSTEL,EQ,2018-11-14,182.55,187.3,187.3,174.6,175.05,175.9,180.01,17148359,3086847681.95,149107,4888311,28.51,11,2018,196.92182978121295,-0.0364283757874555,Slight or No change
JINDALSTEL,EQ,2018-11-15,175.9,174.9,184.4,174.5,180.8,181.45,180.15,10095740,1818705364.5,70075,1954257,19.36,11,2018,196.87951914781348,0.031552018192154474,Slight or No change
JINDALSTEL,EQ,2018-11-16,181.45,181.4,183.2,173.75,174.4,175.0,177.35,8489933,1505664856.55,73216,1302668,15.34,11,2018,196.82931794533008,-0.03554698263984568,Slight or No change
JINDALSTEL,EQ,2018-11-19,175.0,175.7,182.8,174.6,180.4,180.6,179.48,8275319,1485284635.6,60633,1010710,12.21,11,2018,196.79310307717347,0.03200000000000003,Slight or No change
JINDALSTEL,EQ,2018-11-20,180.6,179.9,179.9,170.15,170.2,171.0,173.98,9300857,1618117015.7,61606,1649550,17.74,11,2018,196.72857620463228,-0.05315614617940201,Slight or No change
JINDALSTEL,EQ,2018-11-21,171.0,172.0,172.25,165.5,171.8,170.85,169.58,10660275,1807725298.85,69191,545289,5.12,11,2018,196.65458512831705,-0.0008771929824561431,Slight or No change
JINDALSTEL,EQ,2018-11-22,170.85,172.25,172.5,167.55,168.35,168.45,169.21,7249241,1226615941.4,54115,642845,8.87,11,2018,196.5998533910503,-0.014047410008779626,Slight or No change
JINDALSTEL,EQ,2018-11-26,168.45,169.15,169.45,155.0,159.8,160.05,160.04,18872519,3020411444.25,122681,3029260,16.05,11,2018,196.41613442585455,-0.049866429207479857,Slight or No change
JINDALSTEL,EQ,2018-11-27,160.05,158.0,158.7,151.1,155.0,155.55,154.88,22545197,3491706836.2,148457,1913551,8.49,11,2018,196.17220957005006,-0.028116213683224034,Slight or No change
JINDALSTEL,EQ,2018-11-28,155.55,156.0,156.8,151.1,152.0,151.85,154.17,11262939,1736402070.3,72170,1606305,14.26,11,2018,196.04043897386498,-0.023786563805850314,Slight or No change
JINDALSTEL,EQ,2018-11-29,151.85,155.0,156.45,150.8,155.3,154.95,153.83,11292976,1737178780.45,72423,1781873,15.78,11,2018,195.9183147320799,0.020414883108330617,Slight or No change
JINDALSTEL,EQ,2018-11-30,154.95,155.3,157.2,151.6,154.3,154.05,154.07,10903611,1679903362.8,79211,1373941,12.6,11,2018,195.79851273656504,-0.0058083252662147755,Slight or No change
JINDALSTEL,EQ,2018-12-03,154.05,159.0,164.4,158.2,162.0,161.95,161.77,18252600,2952706450.15,149812,3927662,21.52,12,2018,195.63715222639368,0.0512820512820511,Slight or No change
JINDALSTEL,EQ,2018-12-04,161.95,161.3,161.75,155.7,156.3,156.65,158.05,10086447,1594167051.35,82091,2143063,21.25,12,2018,195.5347168229693,-0.03272615004631052,Slight or No change
JINDALSTEL,EQ,2018-12-05,156.65,153.8,154.6,146.45,148.4,148.85,149.24,17397940,2596506728.75,126188,4029937,23.16,12,2018,195.3240970468151,-0.049792531120331995,Slight or No change
JINDALSTEL,EQ,2018-12-06,148.85,146.1,150.8,143.4,149.25,149.55,148.21,14471628,2144836783.1,108609,2128064,14.71,12,2018,195.15296275635598,0.004702720859926179,Slight or No change
JINDALSTEL,EQ,2018-12-07,149.55,151.0,151.45,144.15,146.2,146.9,147.45,10752176,1585435500.0,81822,1472394,13.69,12,2018,195.01929843008293,-0.017719826145102036,Slight or No change
JINDALSTEL,EQ,2018-12-10,146.9,143.0,146.6,140.75,144.7,145.65,144.03,10569752,1522364462.55,68646,1155904,10.94,12,2018,194.88522710316894,-0.008509189925119176,Slight or No change
JINDALSTEL,EQ,2018-12-11,145.65,142.85,148.6,142.1,146.2,146.75,146.0,12120116,1769591054.7,75739,1675710,13.83,12,2018,194.73579852738567,0.007552351527634782,Slight or No change
JINDALSTEL,EQ,2018-12-12,146.75,149.0,157.85,147.0,156.0,156.25,153.98,17212604,2650315392.2,91948,2751759,15.99,12,2018,194.56687098277425,0.06473594548551964,Slight or No change
JINDALSTEL,EQ,2018-12-13,156.25,157.2,163.7,156.3,160.0,159.4,159.67,14221490,2270797923.8,89568,2616173,18.4,12,2018,194.4397959999825,0.020159999999999956,Slight or No change
JINDALSTEL,EQ,2018-12-14,159.4,158.0,162.25,155.2,157.75,157.85,158.62,10406750,1650727159.95,86990,1302697,12.52,12,2018,194.34329996029976,-0.009723964868255996,Slight or No change
JINDALSTEL,EQ,2018-12-17,157.85,159.4,164.7,158.25,164.3,163.9,161.56,10161735,1641707142.9,58751,2039650,20.07,12,2018,194.26510531092057,0.03832752613240431,Slight or No change
JINDALSTEL,EQ,2018-12-18,163.9,162.85,165.55,162.0,165.45,164.9,164.18,7217556,1184990146.6,42186,490497,6.8,12,2018,194.2116307056712,0.006101281269066394,Slight or No change
JINDALSTEL,EQ,2018-12-19,164.9,165.9,170.15,164.25,167.05,167.6,167.12,8764402,1464719568.25,52288,1101360,12.57,12,2018,194.15291418086537,0.01637355973317156,Slight or No change
JINDALSTEL,EQ,2018-12-20,167.6,165.4,168.4,164.45,168.1,167.25,166.53,5066318,843715068.75,34094,547851,10.81,12,2018,194.11864491695766,-0.0020883054892600894,Slight or No change
JINDALSTEL,EQ,2018-12-21,167.25,168.0,172.85,163.2,164.0,164.65,168.05,11096129,1864735416.6,71617,1477776,13.32,12,2018,194.03665985540047,-0.015545590433482803,Slight or No change
JINDALSTEL,EQ,2018-12-24,164.65,164.35,164.75,157.8,158.25,159.25,161.46,8042316,1298482961.1,43264,633593,7.88,12,2018,193.96665597992236,-0.032796841785605824,Slight or No change
JINDALSTEL,EQ,2018-12-26,159.25,156.0,163.35,153.5,161.7,162.3,157.97,11417086,1803591459.5,66126,1523372,13.34,12,2018,193.87644762522183,0.019152276295133497,Slight or No change
JINDALSTEL,EQ,2018-12-27,162.3,163.5,165.0,157.65,158.8,158.5,160.56,9427164,1513666545.15,50877,2811536,29.82,12,2018,193.79343116153044,-0.023413431916204597,Slight or No change
JINDALSTEL,EQ,2018-12-28,158.5,159.75,163.45,159.15,160.8,161.05,161.38,8011422,1292846465.85,50352,2188821,27.32,12,2018,193.72826269301797,0.016088328075709812,Slight or No change
JINDALSTEL,EQ,2018-12-31,161.05,162.5,166.65,161.6,164.75,164.9,164.78,12798461,2108926266.35,77898,3402905,26.59,12,2018,193.63689318582595,0.023905619372865505,Slight or No change
JINDALSTEL,EQ,2019-01-01,164.9,165.9,165.9,161.5,162.9,162.9,162.84,6180841,1006510094.25,33631,1090919,17.65,1,2019,193.58991801563542,-0.012128562765312267,Slight or No change
JINDALSTEL,EQ,2019-01-02,162.9,160.0,160.95,157.0,157.15,158.2,158.76,11623258,1845331837.8,95581,1703922,14.66,1,2019,193.48849841889577,-0.028852056476366017,Slight or No change
JINDALSTEL,EQ,2019-01-03,158.2,157.35,157.55,145.6,146.4,146.5,150.76,19207999,2895719004.55,99946,3926816,20.44,1,2019,193.26701753705692,-0.0739570164348925,Slight or No change
JINDALSTEL,EQ,2019-01-04,146.5,147.95,153.95,144.65,153.25,152.35,148.6,17599050,2615182386.65,97011,2842361,16.15,1,2019,193.09106958977665,0.039931740614334466,Slight or No change
JINDALSTEL,EQ,2019-01-07,152.35,155.0,157.0,151.05,151.8,152.2,154.57,8738534,1350696215.2,53529,1085490,12.42,1,2019,193.00394680231204,-0.0009845749917952729,Slight or No change
JINDALSTEL,EQ,2019-01-08,152.2,152.4,158.3,150.65,157.65,157.75,155.2,11124085,1726463332.3,55533,1743704,15.68,1,2019,192.90858807725834,0.03646517739816035,Slight or No change
JINDALSTEL,EQ,2019-01-09,157.75,158.5,158.85,149.3,151.95,151.8,152.62,14192956,2166196069.2,101158,2582038,18.19,1,2019,192.7672049500783,-0.037717908082408824,Slight or No change
JINDALSTEL,EQ,2019-01-10,151.8,152.4,153.6,148.85,149.85,149.7,150.6,9809472,1477336839.1,55802,1382480,14.09,1,2019,192.66507494069762,-0.013833992094861802,Slight or No change
JINDALSTEL,EQ,2019-01-11,149.7,150.95,152.5,148.0,148.45,148.8,150.08,9703598,1456327094.6,53032,918352,9.46,1,2019,192.56241638659245,-0.006012024048096087,Slight or No change
JINDALSTEL,EQ,2019-01-14,148.8,148.5,148.9,143.5,144.0,144.0,144.94,10777718,1562123642.35,59259,2117508,19.65,1,2019,192.43651133869642,-0.032258064516129115,Slight or No change
JINDALSTEL,EQ,2019-01-15,144.0,144.95,147.4,143.0,146.75,146.9,145.4,12155311,1767350363.75,56493,1763495,14.51,1,2019,192.30374932520613,0.02013888888888893,Slight or No change
JINDALSTEL,EQ,2019-01-16,146.9,147.25,148.7,145.8,146.65,146.65,147.02,6711156,986680980.5,35512,650935,9.7,1,2019,192.2303785239775,-0.0017018379850238796,Slight or No change
JINDALSTEL,EQ,2019-01-17,146.65,147.2,148.2,144.7,145.5,146.05,146.39,7752732,1134915988.0,36478,677978,8.75,1,2019,192.14480169298366,-0.004091374019774885,Slight or No change
JINDALSTEL,EQ,2019-01-18,146.05,146.5,147.5,144.6,145.5,145.65,146.04,7490296,1093880627.7,32762,698630,9.33,1,2019,192.061707539537,-0.002738788086271815,Slight or No change
JINDALSTEL,EQ,2019-01-21,145.65,146.0,149.1,143.35,144.2,144.3,146.2,7896039,1154433472.1,50008,1019261,12.91,1,2019,191.9718946260945,-0.009268795056642576,Slight or No change
JINDALSTEL,EQ,2019-01-22,144.3,144.1,144.35,135.6,137.7,137.75,138.53,14522792,2011848121.75,76505,2271021,15.64,1,2019,191.78500938568666,-0.04539154539154544,Slight or No change
JINDALSTEL,EQ,2019-01-23,137.75,137.5,142.15,137.25,139.2,139.5,139.84,11850565,1657224319.1,58136,1154832,9.74,1,2019,191.63837132274864,0.012704174228675091,Slight or No change
JINDALSTEL,EQ,2019-01-24,139.5,140.0,142.5,136.0,141.0,141.65,139.56,10485698,1463423499.65,63162,1305399,12.45,1,2019,191.51462839127257,0.015412186379928361,Slight or No change
JINDALSTEL,EQ,2019-01-25,141.65,141.65,144.4,136.2,137.55,137.4,140.62,9029891,1269795665.1,57803,1545395,17.11,1,2019,191.39951484492138,-0.030003529827038466,Slight or No change
JINDALSTEL,EQ,2019-01-28,137.4,137.8,138.7,128.25,132.0,132.25,133.25,11483485,1530219107.05,84656,2191293,19.08,1,2019,191.2399339623541,-0.03748180494905384,Slight or No change
JINDALSTEL,EQ,2019-01-29,132.25,132.3,133.65,128.4,130.15,129.75,130.9,8487468,1110967492.45,48529,1939198,22.85,1,2019,191.11756451291507,-0.018903591682419618,Slight or No change
JINDALSTEL,EQ,2019-01-30,129.75,130.1,132.8,127.1,129.75,129.95,130.02,12665753,1646742843.1,69868,3347306,26.43,1,2019,190.93644919097574,0.0015414258188823915,Slight or No change
JINDALSTEL,EQ,2019-01-31,129.95,131.4,135.8,127.6,135.0,135.1,132.17,15416477,2037571325.55,75527,5375460,34.87,1,2019,190.73593573371133,0.03963062716429411,Slight or No change
JINDALSTEL,EQ,2019-02-01,135.1,135.15,137.6,128.35,129.0,129.7,132.36,12565471,1663176452.3,75312,2878424,22.91,2,2019,190.5578063114546,-0.039970392301998614,Slight or No change
JINDALSTEL,EQ,2019-02-04,129.7,129.5,131.8,125.2,130.3,130.85,128.81,12672881,1632333177.9,85403,1613330,12.73,2,2019,190.38257918655358,0.008866615265998412,Slight or No change
JINDALSTEL,EQ,2019-02-05,130.85,131.35,131.9,126.75,128.85,129.1,129.66,8596457,1114658483.65,53699,1549763,18.03,2,2019,190.2608239396643,-0.013374092472296484,Slight or No change
JINDALSTEL,EQ,2019-02-06,129.1,129.8,136.0,123.25,135.9,135.15,130.0,13016806,1692242451.45,81178,1456242,11.19,2,2019,190.09552581686776,0.04686289697908608,Slight or No change
JINDALSTEL,EQ,2019-02-07,135.15,134.35,138.0,132.4,135.85,136.3,135.54,8611873,1167250377.15,57241,848278,9.85,2,2019,189.98898662244332,0.008509064002959699,Slight or No change
JINDALSTEL,EQ,2019-02-08,136.3,134.95,135.85,128.05,129.5,130.05,132.07,7553482,997576809.9,50987,1245047,16.48,2,2019,189.8850500257229,-0.04585473220836389,Slight or No change
JINDALSTEL,EQ,2019-02-11,130.05,129.0,131.2,124.25,128.6,128.7,127.98,10148468,1298779885.25,63645,903936,8.91,2,2019,189.74283447883232,-0.010380622837370401,Slight or No change
JINDALSTEL,EQ,2019-02-12,128.7,129.0,142.6,128.15,141.25,141.15,137.99,25166137,3472552280.65,133790,2197325,8.73,2,2019,189.46435448061763,0.09673659673659696,Slight or No change
JINDALSTEL,EQ,2019-02-13,141.15,141.5,144.75,138.5,139.7,140.35,141.45,13139900,1858586719.9,84739,852518,6.49,2,2019,189.31783069075317,-0.005667729365922858,Slight or No change
JINDALSTEL,EQ,2019-02-14,140.35,140.0,143.2,136.0,142.8,142.5,139.59,8695573,1213775277.55,58425,445259,5.12,2,2019,189.22558192441434,0.01531884574278597,Slight or No change
JINDALSTEL,EQ,2019-02-15,142.5,142.0,142.85,136.6,138.05,138.65,139.45,7619516,1062578980.45,49292,743359,9.76,2,2019,189.13841129831286,-0.02701754385964905,Slight or No change
JINDALSTEL,EQ,2019-02-18,138.65,138.8,143.95,138.8,140.2,140.45,140.97,10468796,1475807823.15,73629,1883554,17.99,2,2019,189.0233850384708,0.012982329606923804,Slight or No change
JINDALSTEL,EQ,2019-02-19,140.45,140.5,144.7,139.5,140.9,141.25,141.95,9707592,1377980991.15,74705,1486169,15.31,2,2019,188.91895587182208,0.005695977216091164,Slight or No change
JINDALSTEL,EQ,2019-02-20,141.25,142.0,151.25,141.65,149.7,149.8,148.29,21446463,3180272641.65,116401,2235408,10.42,2,2019,188.73094847137963,0.06053097345132752,Slight or No change
JINDALSTEL,EQ,2019-02-21,149.8,149.95,156.7,148.2,156.35,155.5,152.94,14770698,2259090312.75,89618,1440446,9.75,2,2019,188.62131564496946,0.03805073431241657,Slight or No change
JINDALSTEL,EQ,2019-02-22,155.5,156.5,160.1,152.5,158.4,159.2,156.25,16303043,2547330173.85,79591,2885675,17.7,2,2019,188.5145702714725,0.023794212218649413,Slight or No change
JINDALSTEL,EQ,2019-02-25,159.2,160.0,164.4,156.5,158.95,159.0,159.91,17265199,2760938860.85,101460,2761070,15.99,2,2019,188.40160086065168,-0.0012562814070351536,Slight or No change
JINDALSTEL,EQ,2019-02-26,159.0,155.0,161.7,153.65,158.2,158.55,157.86,11817204,1865406775.75,79073,1276493,10.8,2,2019,188.3236000898219,-0.002830188679245227,Slight or No change
JINDALSTEL,EQ,2019-02-27,158.55,159.4,162.45,154.55,156.6,157.95,158.39,14168478,2244079120.2,74321,2530609,17.86,2,2019,188.22874130578694,-0.0037842951750237663,Slight or No change
JINDALSTEL,EQ,2019-02-28,157.95,157.0,159.65,154.8,156.9,156.85,157.1,10772697,1692413534.6,51091,2086961,19.37,2,2019,188.15440721877584,-0.006964229186451343,Slight or No change
JINDALSTEL,EQ,2019-03-01,156.85,157.8,163.0,157.35,161.2,161.6,161.29,10064386,1623299024.15,56676,1494870,14.85,3,2019,188.09576750559808,0.03028371055148238,Slight or No change
JINDALSTEL,EQ,2019-03-05,161.6,161.2,168.9,160.65,168.35,168.1,166.46,11807716,1965512002.95,77967,1871057,15.85,3,2019,188.0440963464946,0.0402227722772277,Slight or No change
JINDALSTEL,EQ,2019-03-06,168.1,169.4,171.5,164.5,165.45,165.9,167.12,8415007,1406302618.9,48762,785398,9.33,3,2019,188.00339042384795,-0.013087447947650155,Slight or No change
JINDALSTEL,EQ,2019-03-07,165.9,166.3,169.7,162.7,167.0,167.35,166.73,11111481,1852626393.5,77767,1388686,12.5,3,2019,187.95338056928105,0.00874020494273653,Slight or No change
JINDALSTEL,EQ,2019-03-08,167.35,164.65,165.8,161.65,162.75,162.75,163.24,8315379,1357367151.4,50723,1199153,14.42,3,2019,187.90779295387875,-0.02748730206154759,Slight or No change
JINDALSTEL,EQ,2019-03-11,162.75,163.9,172.0,163.2,171.3,170.75,168.16,9146314,1537999589.25,85022,1717107,18.77,3,2019,187.87372466092893,0.04915514592933956,Slight or No change
JINDALSTEL,EQ,2019-03-12,170.75,172.5,173.7,169.25,170.0,171.05,171.18,10479106,1793815446.9,100791,1836070,17.52,3,2019,187.83553881961558,0.0017569546120059787,Slight or No change
JINDALSTEL,EQ,2019-03-13,171.05,170.6,171.5,165.45,167.7,167.3,167.56,7491184,1255204048.55,51118,1112270,14.85,3,2019,187.80227221794996,-0.02192341420637245,Slight or No change
JINDALSTEL,EQ,2019-03-14,167.3,167.95,171.7,164.25,164.7,165.15,166.84,10482773,1748911638.95,59966,1436215,13.7,3,2019,187.75103843238333,-0.01285116557083088,Slight or No change
JINDALSTEL,EQ,2019-03-15,165.15,166.7,167.5,163.85,166.0,166.35,165.85,8343875,1383824523.95,55973,1137673,13.63,3,2019,187.71258014087,0.0072661217075384865,Slight or No change
JINDALSTEL,EQ,2019-03-18,166.35,167.9,171.2,166.5,169.6,169.4,168.74,7255559,1224322404.6,41896,867471,11.96,3,2019,187.68400886384973,0.018334836188758752,Slight or No change
JINDALSTEL,EQ,2019-03-19,169.4,169.95,172.75,168.15,168.65,168.95,170.32,6789938,1156454284.85,43638,595019,8.76,3,2019,187.6566956927118,-0.002656434474616387,Slight or No change
JINDALSTEL,EQ,2019-03-20,168.95,168.4,168.75,161.7,164.6,164.45,164.95,10666902,1759547316.9,53207,2350877,22.04,3,2019,187.6036642268411,-0.02663509914175788,Slight or No change
JINDALSTEL,EQ,2019-03-22,164.45,164.9,169.65,164.25,166.5,166.65,167.51,9476831,1587460552.4,63291,1541798,16.27,3,2019,187.56120967000706,0.013377926421404895,Slight or No change
JINDALSTEL,EQ,2019-03-25,166.65,165.0,165.0,160.65,161.3,161.75,162.27,6066342,984374773.65,29642,574275,9.47,3,2019,187.52777680879376,-0.029402940294029456,Slight or No change
JINDALSTEL,EQ,2019-03-26,161.75,162.7,165.0,160.65,164.0,163.45,162.23,7207135,1169203588.7,33770,933876,12.96,3,2019,187.49078125523275,0.010510046367851578,Slight or No change
JINDALSTEL,EQ,2019-03-27,163.45,164.9,168.3,163.75,166.3,166.65,166.53,7992986,1331079570.9,46352,2120108,26.52,3,2019,187.45532816376462,0.019577852554298003,Slight or No change
JINDALSTEL,EQ,2019-03-28,166.65,166.5,168.6,163.95,165.9,164.95,166.47,5766403,959949728.65,41455,1104725,19.16,3,2019,187.42774216326637,-0.010201020102010294,Slight or No change
JINDALSTEL,EQ,2019-03-29,164.95,166.7,181.4,166.5,179.85,179.7,177.77,29320782,5212432621.05,148365,3524567,12.02,3,2019,187.37987605061815,0.08942103667778123,Slight or No change
JINDALSTEL,EQ,2019-04-01,179.7,182.0,187.5,181.5,182.0,182.65,184.03,11258537,2071955431.4,72207,1365856,12.13,4,2019,187.36865328189992,0.016416249304396224,Slight or No change
JINDALSTEL,EQ,2019-04-02,182.65,182.65,186.2,179.8,185.65,184.85,183.72,9604850,1764633638.0,55291,1437067,14.96,4,2019,187.3635652591366,0.012044894607172063,Slight or No change
JINDALSTEL,EQ,2019-04-03,184.85,185.0,188.95,181.5,183.0,182.35,185.31,9399009,1741711776.15,57288,784891,8.35,4,2019,187.35367378259093,-0.013524479307546633,Slight or No change
JINDALSTEL,EQ,2019-04-04,182.35,182.45,184.75,178.9,182.45,181.7,182.27,9077610,1654615076.4,58655,1060399,11.68,4,2019,187.34292132092241,-0.0035645736221552315,Slight or No change
JINDALSTEL,EQ,2019-04-05,181.7,183.7,188.0,181.9,187.3,186.95,185.09,9214593,1705547169.45,52866,1634167,17.73,4,2019,187.3421642269836,0.028893780957622406,Slight or No change
JINDALSTEL,EQ,2019-04-08,186.95,188.3,189.9,182.3,183.5,183.9,186.16,7382761,1374391839.65,39148,1036395,14.04,4,2019,187.3368584563437,-0.016314522599625514,Slight or No change
JINDALSTEL,EQ,2019-04-09,183.9,183.0,184.9,175.8,184.1,183.85,180.61,11205364,2023811125.35,75688,1121925,10.01,4,2019,187.3287199723157,-0.0002718868950517539,Slight or No change
JINDALSTEL,EQ,2019-04-10,183.85,183.0,186.9,181.05,182.95,182.95,184.44,8610134,1588040663.45,54682,1188705,13.81,4,2019,187.32088094611188,-0.004895295077508854,Slight or No change
JINDALSTEL,EQ,2019-04-11,182.95,182.8,182.8,174.8,176.9,176.9,177.47,10692161,1897561277.15,75110,1998519,18.69,4,2019,187.29776506120135,-0.033069144575020415,Slight or No change
JINDALSTEL,EQ,2019-04-12,176.9,177.5,182.0,176.35,181.75,181.4,178.96,7219613,1292035892.85,43293,713350,9.88,4,2019,187.28894458595374,0.02543810062182028,Slight or No change
JINDALSTEL,EQ,2019-04-15,181.4,182.5,188.2,181.05,186.0,186.45,184.91,8250741,1525606812.1,47172,1134662,13.75,4,2019,187.28751313925122,0.027839029768467416,Slight or No change
JINDALSTEL,EQ,2019-04-16,186.45,186.5,190.0,183.75,189.25,189.35,186.68,7958391,1485645748.8,54543,2104391,26.44,4,2019,187.29090198066402,0.015553767766157245,Slight or No change
JINDALSTEL,EQ,2019-04-18,189.35,190.5,191.2,179.15,182.55,183.3,183.0,11838461,2166480282.95,72970,1696212,14.33,4,2019,187.28117135197215,-0.031951412727752704,Slight or No change
JINDALSTEL,EQ,2019-04-22,183.3,182.55,186.9,175.0,177.0,176.35,181.51,11114918,2017485448.3,85673,2139484,19.25,4,2019,187.2562050331194,-0.03791598472449542,Slight or No change
JINDALSTEL,EQ,2019-04-23,176.35,176.5,179.6,173.65,174.7,175.0,176.23,9418675,1659810083.25,57754,1436360,15.25,4,2019,187.23253016032712,-0.007655231074567559,Slight or No change
JINDALSTEL,EQ,2019-04-24,175.0,175.5,176.45,169.1,171.75,172.2,171.83,10479294,1800621431.15,67745,1955074,18.66,4,2019,187.20029175464634,-0.016000000000000014,Slight or No change
JINDALSTEL,EQ,2019-04-25,172.2,172.2,174.55,166.05,167.7,167.2,170.01,9974042,1695645118.3,66134,2172773,21.78,4,2019,187.1595507811002,-0.029036004645760727,Slight or No change
JINDALSTEL,EQ,2019-04-26,167.2,169.4,178.4,168.05,175.3,175.15,174.51,20052673,3499417936.15,119910,2737338,13.65,4,2019,187.11056749274147,0.04754784688995217,Slight or No change
JINDALSTEL,EQ,2019-04-30,175.15,175.5,179.5,168.0,178.15,178.1,174.1,13337202,2322003732.85,81607,1902444,14.26,4,2019,187.0861899892392,0.01684270625178419,Slight or No change
JINDALSTEL,EQ,2019-05-02,178.1,177.5,181.7,175.1,180.5,180.45,178.41,12080585,2155312571.95,74252,1873395,15.51,5,2019,187.0699675490905,0.013194834362717511,Slight or No change
JINDALSTEL,EQ,2019-05-03,180.45,181.0,183.0,177.05,182.55,181.75,179.99,9299659,1673827650.75,55486,1253631,13.48,5,2019,187.0599751696201,0.007204211692989793,Slight or No change
JINDALSTEL,EQ,2019-05-06,181.75,175.0,177.2,172.15,173.25,173.55,174.19,13291591,2315266648.35,83751,2547357,19.17,5,2019,187.0238042032239,-0.0451169188445667,Slight or No change
JINDALSTEL,EQ,2019-05-07,173.55,175.6,176.75,168.0,168.5,169.3,173.38,9914774,1719053647.45,74212,2525841,25.48,5,2019,186.98847760105386,-0.024488619994238014,Slight or No change
JINDALSTEL,EQ,2019-05-08,169.3,166.9,171.7,165.75,170.15,170.15,169.25,11040004,1868558279.8,65834,1420538,12.87,5,2019,186.9511894058735,0.005020673360897732,Slight or No change
JINDALSTEL,EQ,2019-05-09,170.15,169.0,170.65,161.2,162.75,163.05,165.31,14432086,2385769725.0,78475,1401008,9.71,5,2019,186.88219839274527,-0.0417278871583896,Slight or No change
JINDALSTEL,EQ,2019-05-10,163.05,165.1,167.0,161.1,161.7,163.25,164.4,11984102,1970198505.3,65573,788324,6.58,5,2019,186.82568988900857,0.0012266176019624098,Slight or No change
JINDALSTEL,EQ,2019-05-13,163.25,162.75,162.75,152.0,152.7,154.35,158.22,8109777,1283123761.5,48721,856981,10.57,5,2019,186.77322493351588,-0.0545176110260337,Slight or No change
